No.,Time,Source,Destination,Protocol,Length,Info
1,0,2a03:2880:f242:1c2:face:b00c:0:167,2a02:6680:2105:aa78:5d79:df94:5095:14ea,TLSv1.2,173,Application Data
2,0.007161,2a02:6680:2105:aa78:5d79:df94:5095:14ea,2a03:2880:f242:1c2:face:b00c:0:167,TLSv1.2,148,Application Data
3,4.632568,2a02:6680:2105:aa78:5d79:df94:5095:14ea,2a03:2880:f242:1c2:face:b00c:0:167,TLSv1.2,144,Application Data
4,8.702485,2a02:6680:2105:aa78:5d79:df94:5095:14ea,2a03:2880:f242:1c2:face:b00c:0:167,TLSv1.2,306,Application Data
5,8.999708,2a03:2880:f242:1c2:face:b00c:0:167,2a02:6680:2105:aa78:5d79:df94:5095:14ea,TLSv1.2,185,Application Data
6,9.319504,2a03:2880:f242:1c2:face:b00c:0:167,2a02:6680:2105:aa78:5d79:df94:5095:14ea,TLSv1.2,168,Application Data
7,9.321394,2a02:6680:2105:aa78:5d79:df94:5095:14ea,2a03:2880:f242:1c2:face:b00c:0:167,TLSv1.2,167,Application Data
8,9.69731,2a03:2880:f242:1c2:face:b00c:0:167,2a02:6680:2105:aa78:5d79:df94:5095:14ea,TLSv1.2,169,Application Data
9,9.699899,2a02:6680:2105:aa78:5d79:df94:5095:14ea,2a03:2880:f242:1c2:face:b00c:0:167,TLSv1.2,167,Application Data
10,9.79963,2a03:2880:f242:1c2:face:b00c:0:167,2a02:6680:2105:aa78:5d79:df94:5095:14ea,TLSv1.2,729,Application Data
11,9.853542,2a02:6680:2105:aa78:5d79:df94:5095:14ea,2a03:2880:f242:1c2:face:b00c:0:167,TLSv1.2,167,Application Data
12,10.762051,2a03:2880:f242:1c2:face:b00c:0:167,2a02:6680:2105:aa78:5d79:df94:5095:14ea,TLSv1.2,171,Application Data
13,10.765013,2a02:6680:2105:aa78:5d79:df94:5095:14ea,2a03:2880:f242:1c2:face:b00c:0:167,TLSv1.2,170,Application Data
14,10.839508,2a03:2880:f242:1c2:face:b00c:0:167,2a02:6680:2105:aa78:5d79:df94:5095:14ea,TLSv1.2,171,Application Data
15,10.841398,2a02:6680:2105:aa78:5d79:df94:5095:14ea,2a03:2880:f242:1c2:face:b00c:0:167,TLSv1.2,170,Application Data
16,12.44961,2a02:6680:2105:aa78:5d79:df94:5095:14ea,2a03:2880:f242:1c2:face:b00c:0:167,TLSv1.2,144,Application Data
17,13.489746,2a02:6680:2105:aa78:5d79:df94:5095:14ea,2a03:2880:f242:1c2:face:b00c:0:167,TLSv1.2,290,Application Data
18,13.761949,2a03:2880:f242:1c2:face:b00c:0:167,2a02:6680:2105:aa78:5d79:df94:5095:14ea,TLSv1.2,185,Application Data
19,13.919352,2a03:2880:f242:1c2:face:b00c:0:167,2a02:6680:2105:aa78:5d79:df94:5095:14ea,TLSv1.2,136,Application Data
20,14.119394,2a03:2880:f242:1c2:face:b00c:0:167,2a02:6680:2105:aa78:5d79:df94:5095:14ea,TLSv1.2,168,Application Data
21,14.121267,2a02:6680:2105:aa78:5d79:df94:5095:14ea,2a03:2880:f242:1c2:face:b00c:0:167,TLSv1.2,167,Application Data
22,14.439535,2a03:2880:f242:1c2:face:b00c:0:167,2a02:6680:2105:aa78:5d79:df94:5095:14ea,TLSv1.2,169,Application Data
23,14.44225,2a02:6680:2105:aa78:5d79:df94:5095:14ea,2a03:2880:f242:1c2:face:b00c:0:167,TLSv1.2,167,Application Data
24,20.001258,2a02:6680:2105:aa78:5d79:df94:5095:14ea,2a03:2880:f242:1c2:face:b00c:0:167,TLSv1.2,144,Application Data
25,20.599723,2a03:2880:f242:1c2:face:b00c:0:167,2a02:6680:2105:aa78:5d79:df94:5095:14ea,TLSv1.2,316,Application Data
26,20.62168,2a02:6680:2105:aa78:5d79:df94:5095:14ea,2a03:2880:f242:1c2:face:b00c:0:167,TLSv1.2,169,Application Data
27,26.164071,2a02:6680:2105:aa78:5d79:df94:5095:14ea,2a03:2880:f242:1c2:face:b00c:0:167,TLSv1.2,338,Application Data
28,26.478877,2a03:2880:f242:1c2:face:b00c:0:167,2a02:6680:2105:aa78:5d79:df94:5095:14ea,TLSv1.2,185,Application Data
29,26.519353,2a03:2880:f242:1c2:face:b00c:0:167,2a02:6680:2105:aa78:5d79:df94:5095:14ea,TLSv1.2,151,Application Data
30,26.840821,2a03:2880:f242:1c2:face:b00c:0:167,2a02:6680:2105:aa78:5d79:df94:5095:14ea,TLSv1.2,168,Application Data
31,26.844532,2a02:6680:2105:aa78:5d79:df94:5095:14ea,2a03:2880:f242:1c2:face:b00c:0:167,TLSv1.2,167,Application Data
32,26.919572,2a03:2880:f242:1c2:face:b00c:0:167,2a02:6680:2105:aa78:5d79:df94:5095:14ea,TLSv1.2,169,Application Data
33,26.922262,2a02:6680:2105:aa78:5d79:df94:5095:14ea,2a03:2880:f242:1c2:face:b00c:0:167,TLSv1.2,167,Application Data
34,27.039359,2a03:2880:f242:1c2:face:b00c:0:167,2a02:6680:2105:aa78:5d79:df94:5095:14ea,TLSv1.2,171,Application Data
35,27.044989,2a02:6680:2105:aa78:5d79:df94:5095:14ea,2a03:2880:f242:1c2:face:b00c:0:167,TLSv1.2,169,Application Data
36,27.639414,2a03:2880:f242:1c2:face:b00c:0:167,2a02:6680:2105:aa78:5d79:df94:5095:14ea,TLSv1.2,154,Application Data
37,29.088037,2a02:6680:2105:aa78:5d79:df94:5095:14ea,2a03:2880:f242:1c2:face:b00c:0:167,TLSv1.2,144,Application Data
38,29.239273,2a03:2880:f242:1c2:face:b00c:0:167,2a02:6680:2105:aa78:5d79:df94:5095:14ea,TLSv1.2,151,Application Data
39,30.439609,2a03:2880:f242:1c2:face:b00c:0:167,2a02:6680:2105:aa78:5d79:df94:5095:14ea,TLSv1.2,151,Application Data
40,31.279552,2a03:2880:f242:1c2:face:b00c:0:167,2a02:6680:2105:aa78:5d79:df94:5095:14ea,TLSv1.2,154,Application Data
41,32.919833,2a03:2880:f242:1c2:face:b00c:0:167,2a02:6680:2105:aa78:5d79:df94:5095:14ea,TLSv1.2,154,Application Data
42,33.433158,2a02:6680:2105:aa78:5d79:df94:5095:14ea,2a03:2880:f242:1c2:face:b00c:0:167,TLSv1.2,306,Application Data
43,33.689654,2a03:2880:f242:1c2:face:b00c:0:167,2a02:6680:2105:aa78:5d79:df94:5095:14ea,TLSv1.2,185,Application Data
44,33.999095,2a03:2880:f242:1c2:face:b00c:0:167,2a02:6680:2105:aa78:5d79:df94:5095:14ea,TLSv1.2,168,Application Data
45,34.000943,2a02:6680:2105:aa78:5d79:df94:5095:14ea,2a03:2880:f242:1c2:face:b00c:0:167,TLSv1.2,167,Application Data
46,34.039227,2a03:2880:f242:1c2:face:b00c:0:167,2a02:6680:2105:aa78:5d79:df94:5095:14ea,TLSv1.2,169,Application Data
47,34.041583,2a02:6680:2105:aa78:5d79:df94:5095:14ea,2a03:2880:f242:1c2:face:b00c:0:167,TLSv1.2,167,Application Data
48,34.081524,2a03:2880:f242:1c2:face:b00c:0:167,2a02:6680:2105:aa78:5d79:df94:5095:14ea,TLSv1.2,562,Application Data
49,34.143968,2a02:6680:2105:aa78:5d79:df94:5095:14ea,2a03:2880:f242:1c2:face:b00c:0:167,TLSv1.2,173,Application Data
50,34.199434,2a03:2880:f242:1c2:face:b00c:0:167,2a02:6680:2105:aa78:5d79:df94:5095:14ea,TLSv1.2,171,Application Data
51,34.206512,2a02:6680:2105:aa78:5d79:df94:5095:14ea,2a03:2880:f242:1c2:face:b00c:0:167,TLSv1.2,169,Application Data
52,34.279499,2a03:2880:f242:1c2:face:b00c:0:167,2a02:6680:2105:aa78:5d79:df94:5095:14ea,TLSv1.2,154,Application Data
53,35.039537,2a03:2880:f242:1c2:face:b00c:0:167,2a02:6680:2105:aa78:5d79:df94:5095:14ea,TLSv1.2,171,Application Data
54,35.04179,2a03:2880:f242:1c2:face:b00c:0:167,2a02:6680:2105:aa78:5d79:df94:5095:14ea,TLSv1.2,171,Application Data
55,35.041957,2a02:6680:2105:aa78:5d79:df94:5095:14ea,2a03:2880:f242:1c2:face:b00c:0:167,TLSv1.2,170,Application Data
56,35.046588,2a02:6680:2105:aa78:5d79:df94:5095:14ea,2a03:2880:f242:1c2:face:b00c:0:167,TLSv1.2,170,Application Data
57,35.079307,2a03:2880:f242:1c2:face:b00c:0:167,2a02:6680:2105:aa78:5d79:df94:5095:14ea,TLSv1.2,171,Application Data
58,35.106039,2a02:6680:2105:aa78:5d79:df94:5095:14ea,2a03:2880:f242:1c2:face:b00c:0:167,TLSv1.2,170,Application Data
59,35.489791,2a03:2880:f242:1c2:face:b00c:0:167,2a02:6680:2105:aa78:5d79:df94:5095:14ea,TLSv1.2,335,Application Data
60,35.678595,2a02:6680:2105:aa78:5d79:df94:5095:14ea,2a03:2880:f242:1c2:face:b00c:0:167,TLSv1.2,165,Application Data
61,35.730279,2a02:6680:2105:aa78:5d79:df94:5095:14ea,2a03:2880:f242:1c2:face:b00c:0:167,TLSv1.2,177,Application Data
62,35.919325,2a03:2880:f242:1c2:face:b00c:0:167,2a02:6680:2105:aa78:5d79:df94:5095:14ea,TLSv1.2,164,Application Data
63,39.199512,2a03:2880:f242:1c2:face:b00c:0:167,2a02:6680:2105:aa78:5d79:df94:5095:14ea,TLSv1.2,358,Application Data
64,39.278461,2a02:6680:2105:aa78:5d79:df94:5095:14ea,2a03:2880:f242:1c2:face:b00c:0:167,TLSv1.2,173,Application Data
65,39.359209,2a03:2880:f242:1c2:face:b00c:0:167,2a02:6680:2105:aa78:5d79:df94:5095:14ea,TLSv1.2,154,Application Data
66,40.519089,2a03:2880:f242:1c2:face:b00c:0:167,2a02:6680:2105:aa78:5d79:df94:5095:14ea,TLSv1.2,162,Application Data
67,40.523,2a02:6680:2105:aa78:5d79:df94:5095:14ea,2a03:2880:f242:1c2:face:b00c:0:167,TLSv1.2,146,Application Data
68,40.67974,2a03:2880:f242:1c2:face:b00c:0:167,2a02:6680:2105:aa78:5d79:df94:5095:14ea,TLSv1.2,326,Application Data
69,40.734132,2a02:6680:2105:aa78:5d79:df94:5095:14ea,2a03:2880:f242:1c2:face:b00c:0:167,TLSv1.2,173,Application Data
70,41.760803,2a03:2880:f242:1c2:face:b00c:0:167,2a02:6680:2105:aa78:5d79:df94:5095:14ea,TLSv1.2,154,Application Data
71,42.256956,2a02:6680:2105:aa78:5d79:df94:5095:14ea,2a03:2880:f242:1c2:face:b00c:0:167,TLSv1.2,144,Application Data
72,44.561422,2a03:2880:f242:1c2:face:b00c:0:167,2a02:6680:2105:aa78:5d79:df94:5095:14ea,TLSv1.2,136,Application Data
73,44.699022,2a02:6680:2105:aa78:5d79:df94:5095:14ea,2a03:2880:f242:1c2:face:b00c:0:167,TLSv1.2,306,Application Data
74,44.999845,2a03:2880:f242:1c2:face:b00c:0:167,2a02:6680:2105:aa78:5d79:df94:5095:14ea,TLSv1.2,185,Application Data
75,45.239343,2a03:2880:f242:1c2:face:b00c:0:167,2a02:6680:2105:aa78:5d79:df94:5095:14ea,TLSv1.2,134,Application Data
76,45.359324,2a03:2880:f242:1c2:face:b00c:0:167,2a02:6680:2105:aa78:5d79:df94:5095:14ea,TLSv1.2,168,Application Data
77,45.362816,2a02:6680:2105:aa78:5d79:df94:5095:14ea,2a03:2880:f242:1c2:face:b00c:0:167,TLSv1.2,167,Application Data
78,45.3646,2a03:2880:f242:1c2:face:b00c:0:167,2a02:6680:2105:aa78:5d79:df94:5095:14ea,TLSv1.2,169,Application Data
79,45.370428,2a02:6680:2105:aa78:5d79:df94:5095:14ea,2a03:2880:f242:1c2:face:b00c:0:167,TLSv1.2,167,Application Data
80,45.443772,2a03:2880:f242:1c2:face:b00c:0:167,2a02:6680:2105:aa78:5d79:df94:5095:14ea,TLSv1.2,171,Application Data
81,45.452319,2a02:6680:2105:aa78:5d79:df94:5095:14ea,2a03:2880:f242:1c2:face:b00c:0:167,TLSv1.2,169,Application Data
82,45.520193,2a03:2880:f242:1c2:face:b00c:0:167,2a02:6680:2105:aa78:5d79:df94:5095:14ea,TLSv1.2,154,Application Data
83,46.891311,2a02:6680:2105:aa78:5d79:df94:5095:14ea,2a03:2880:f242:1c2:face:b00c:0:167,TLSv1.2,167,Application Data
84,46.96327,2a03:2880:f242:1c2:face:b00c:0:167,2a02:6680:2105:aa78:5d79:df94:5095:14ea,TLSv1.2,154,Application Data
85,47.0801,2a03:2880:f242:1c2:face:b00c:0:167,2a02:6680:2105:aa78:5d79:df94:5095:14ea,TLSv1.2,155,Application Data
86,48.040405,2a03:2880:f242:1c2:face:b00c:0:167,2a02:6680:2105:aa78:5d79:df94:5095:14ea,TLSv1.2,171,Application Data
87,48.044072,2a02:6680:2105:aa78:5d79:df94:5095:14ea,2a03:2880:f242:1c2:face:b00c:0:167,TLSv1.2,170,Application Data
88,48.079459,2a03:2880:f242:1c2:face:b00c:0:167,2a02:6680:2105:aa78:5d79:df94:5095:14ea,TLSv1.2,151,Application Data
89,49.40066,2a03:2880:f242:1c2:face:b00c:0:167,2a02:6680:2105:aa78:5d79:df94:5095:14ea,TLSv1.2,151,Application Data
90,50.041504,2a03:2880:f242:1c2:face:b00c:0:167,2a02:6680:2105:aa78:5d79:df94:5095:14ea,TLSv1.2,151,Application Data
91,53.058702,2a02:6680:2105:aa78:5d79:df94:5095:14ea,2a03:2880:f242:1c2:face:b00c:0:167,TLSv1.2,141,Application Data
92,54.7894,2a02:6680:2105:aa78:5d79:df94:5095:14ea,2a03:2880:f242:1c2:face:b00c:0:167,TLSv1.2,406,"[TCP Previous segment not captured] , Ignored Unknown Record"
93,55.007117,2a03:2880:f242:1c2:face:b00c:0:167,2a02:6680:2105:aa78:5d79:df94:5095:14ea,TLSv1.2,319,"[TCP ACKed unseen segment] , Application Data"
94,55.067777,2a02:6680:2105:aa78:5d79:df94:5095:14ea,2a03:2880:f242:1c2:face:b00c:0:167,TLSv1.2,165,Application Data
95,55.080541,2a03:2880:f242:1c2:face:b00c:0:167,2a02:6680:2105:aa78:5d79:df94:5095:14ea,TLSv1.2,161,Application Data
96,55.256234,2a02:6680:2105:aa78:5d79:df94:5095:14ea,2a03:2880:f242:1c2:face:b00c:0:167,TLSv1.2,141,Application Data
97,55.559482,2a03:2880:f242:1c2:face:b00c:0:167,2a02:6680:2105:aa78:5d79:df94:5095:14ea,TLSv1.2,154,Application Data
98,55.562943,2a02:6680:2105:aa78:5d79:df94:5095:14ea,2a03:2880:f242:1c2:face:b00c:0:167,TLSv1.2,152,Application Data
99,55.599401,2a03:2880:f242:1c2:face:b00c:0:167,2a02:6680:2105:aa78:5d79:df94:5095:14ea,TLSv1.2,151,Application Data
100,56.039866,2a03:2880:f242:1c2:face:b00c:0:167,2a02:6680:2105:aa78:5d79:df94:5095:14ea,TLSv1.2,168,Application Data
101,56.043013,2a02:6680:2105:aa78:5d79:df94:5095:14ea,2a03:2880:f242:1c2:face:b00c:0:167,TLSv1.2,155,Application Data
102,57.000195,2a03:2880:f242:1c2:face:b00c:0:167,2a02:6680:2105:aa78:5d79:df94:5095:14ea,TLSv1.2,154,Application Data
103,57.699602,2a03:2880:f242:1c2:face:b00c:0:167,2a02:6680:2105:aa78:5d79:df94:5095:14ea,TLSv1.2,303,Application Data
104,57.792558,2a02:6680:2105:aa78:5d79:df94:5095:14ea,2a03:2880:f242:1c2:face:b00c:0:167,TLSv1.2,165,Application Data
105,58.209441,2a03:2880:f242:1c2:face:b00c:0:167,2a02:6680:2105:aa78:5d79:df94:5095:14ea,TLSv1.2,406,Application Data
106,58.273022,2a02:6680:2105:aa78:5d79:df94:5095:14ea,2a03:2880:f242:1c2:face:b00c:0:167,TLSv1.2,173,Application Data
107,58.679365,2a03:2880:f242:1c2:face:b00c:0:167,2a02:6680:2105:aa78:5d79:df94:5095:14ea,TLSv1.2,151,Application Data
108,59.949289,2a02:6680:2105:aa78:5d79:df94:5095:14ea,2a03:2880:f242:1c2:face:b00c:0:167,TLSv1.2,568,"[TCP Previous segment not captured] , Ignored Unknown Record"
109,60.168115,2a03:2880:f242:1c2:face:b00c:0:167,2a02:6680:2105:aa78:5d79:df94:5095:14ea,TLSv1.2,161,"[TCP ACKed unseen segment] , Application Data"
110,60.5586,2a03:2880:f242:1c2:face:b00c:0:167,2a02:6680:2105:aa78:5d79:df94:5095:14ea,TLSv1.2,154,Application Data
111,60.560822,2a02:6680:2105:aa78:5d79:df94:5095:14ea,2a03:2880:f242:1c2:face:b00c:0:167,TLSv1.2,152,Application Data
112,60.759572,2a03:2880:f242:1c2:face:b00c:0:167,2a02:6680:2105:aa78:5d79:df94:5095:14ea,TLSv1.2,319,Application Data
113,60.813284,2a02:6680:2105:aa78:5d79:df94:5095:14ea,2a03:2880:f242:1c2:face:b00c:0:167,TLSv1.2,165,Application Data
114,61.600388,2a03:2880:f242:1c2:face:b00c:0:167,2a02:6680:2105:aa78:5d79:df94:5095:14ea,TLSv1.2,168,Application Data
115,61.602238,2a02:6680:2105:aa78:5d79:df94:5095:14ea,2a03:2880:f242:1c2:face:b00c:0:167,TLSv1.2,155,Application Data
116,62.860383,2a02:6680:2105:aa78:5d79:df94:5095:14ea,2a03:2880:f242:1c2:face:b00c:0:167,TLSv1.2,218,Application Data
117,63.079978,2a03:2880:f242:1c2:face:b00c:0:167,2a02:6680:2105:aa78:5d79:df94:5095:14ea,TLSv1.2,164,Application Data
118,63.51937,2a03:2880:f242:1c2:face:b00c:0:167,2a02:6680:2105:aa78:5d79:df94:5095:14ea,TLSv1.2,136,Application Data
119,68.673183,2a02:6680:2105:aa78:5d79:df94:5095:14ea,2a03:2880:f242:1c2:face:b00c:0:167,TLSv1.2,141,Application Data
120,70.319294,2a03:2880:f242:1c2:face:b00c:0:167,2a02:6680:2105:aa78:5d79:df94:5095:14ea,TLSv1.2,132,Application Data
121,71.639783,2a03:2880:f242:1c2:face:b00c:0:167,2a02:6680:2105:aa78:5d79:df94:5095:14ea,TLSv1.2,136,Application Data
122,72.076759,2a02:6680:2105:aa78:5d79:df94:5095:14ea,2a03:2880:f242:1c2:face:b00c:0:167,TLSv1.2,141,Application Data
123,72.079278,2a03:2880:f242:1c2:face:b00c:0:167,2a02:6680:2105:aa78:5d79:df94:5095:14ea,TLSv1.2,132,Application Data
124,72.719146,2a03:2880:f242:1c2:face:b00c:0:167,2a02:6680:2105:aa78:5d79:df94:5095:14ea,TLSv1.2,136,Application Data
125,73.091067,2a02:6680:2105:aa78:5d79:df94:5095:14ea,2a03:2880:f242:1c2:face:b00c:0:167,TLSv1.2,141,Application Data
126,75.982698,2a02:6680:2105:aa78:5d79:df94:5095:14ea,2a03:2880:f242:1c2:face:b00c:0:167,TCP,568,"[TCP Previous segment not captured] 53852  >  443 [PSH, ACK] Seq=10371 Ack=8399 Win=520 Len=494"
127,76.238998,2a03:2880:f242:1c2:face:b00c:0:167,2a02:6680:2105:aa78:5d79:df94:5095:14ea,TLSv1.2,161,"[TCP ACKed unseen segment] , Application Data"
128,76.721307,2a03:2880:f242:1c2:face:b00c:0:167,2a02:6680:2105:aa78:5d79:df94:5095:14ea,TLSv1.2,154,Application Data
129,76.725684,2a02:6680:2105:aa78:5d79:df94:5095:14ea,2a03:2880:f242:1c2:face:b00c:0:167,TLSv1.2,152,Application Data
130,76.926013,2a02:6680:2105:aa78:5d79:df94:5095:14ea,2a03:2880:f242:1c2:face:b00c:0:167,TLSv1.2,141,Application Data
131,77.079482,2a03:2880:f242:1c2:face:b00c:0:167,2a02:6680:2105:aa78:5d79:df94:5095:14ea,TLSv1.2,132,Application Data
132,77.790014,2a02:6680:2105:aa78:5d79:df94:5095:14ea,2a03:2880:f242:1c2:face:b00c:0:167,TLSv1.2,141,Application Data
133,77.906562,2a02:6680:2105:aa78:5d79:df94:5095:14ea,2a03:2880:f242:1c2:face:b00c:0:167,TLSv1.2,141,Application Data
134,79.124789,2a02:6680:2105:aa78:5d79:df94:5095:14ea,2a03:2880:f242:1c2:face:b00c:0:167,TLSv1.2,407,"[TCP Previous segment not captured] , Ignored Unknown Record"
135,79.359489,2a03:2880:f242:1c2:face:b00c:0:167,2a02:6680:2105:aa78:5d79:df94:5095:14ea,TLSv1.2,161,"[TCP ACKed unseen segment] , Application Data"
136,79.58989,2a02:6680:2105:aa78:5d79:df94:5095:14ea,2a03:2880:f242:1c2:face:b00c:0:167,TLSv1.2,141,Application Data
137,79.679137,2a03:2880:f242:1c2:face:b00c:0:167,2a02:6680:2105:aa78:5d79:df94:5095:14ea,TLSv1.2,154,Application Data
138,79.681473,2a02:6680:2105:aa78:5d79:df94:5095:14ea,2a03:2880:f242:1c2:face:b00c:0:167,TLSv1.2,152,Application Data
139,83.906994,2a02:6680:2105:aa78:5d79:df94:5095:14ea,2a03:2880:f242:1c2:face:b00c:0:167,TLSv1.2,141,Application Data
140,85.36049,2a03:2880:f242:1c2:face:b00c:0:167,2a02:6680:2105:aa78:5d79:df94:5095:14ea,TLSv1.2,136,Application Data
141,92.162262,2a02:6680:2105:aa78:5d79:df94:5095:14ea,2a03:2880:f242:1c2:face:b00c:0:167,TLSv1.2,141,Application Data
142,92.559299,2a03:2880:f242:1c2:face:b00c:0:167,2a02:6680:2105:aa78:5d79:df94:5095:14ea,TLSv1.2,348,Application Data
143,92.61006,2a02:6680:2105:aa78:5d79:df94:5095:14ea,2a03:2880:f242:1c2:face:b00c:0:167,TLSv1.2,146,Application Data
144,95.043139,2a02:6680:2105:aa78:5d79:df94:5095:14ea,2a03:2880:f242:1c2:face:b00c:0:167,TLSv1.2,616,"[TCP Previous segment not captured] , Ignored Unknown Record"
145,95.279924,2a03:2880:f242:1c2:face:b00c:0:167,2a02:6680:2105:aa78:5d79:df94:5095:14ea,TLSv1.2,161,"[TCP ACKed unseen segment] , Application Data"
146,95.349557,2a02:6680:2105:aa78:5d79:df94:5095:14ea,2a03:2880:f242:1c2:face:b00c:0:167,TLSv1.2,141,Application Data
147,95.959437,2a03:2880:f242:1c2:face:b00c:0:167,2a02:6680:2105:aa78:5d79:df94:5095:14ea,TLSv1.2,154,Application Data
148,95.963877,2a02:6680:2105:aa78:5d79:df94:5095:14ea,2a03:2880:f242:1c2:face:b00c:0:167,TLSv1.2,152,Application Data
149,96.083887,2a03:2880:f242:1c2:face:b00c:0:167,2a02:6680:2105:aa78:5d79:df94:5095:14ea,TLSv1.2,151,Application Data
150,98.158107,2a02:6680:2105:aa78:5d79:df94:5095:14ea,2a03:2880:f242:1c2:face:b00c:0:167,TLSv1.2,536,"[TCP Previous segment not captured] , Ignored Unknown Record"
151,98.439285,2a03:2880:f242:1c2:face:b00c:0:167,2a02:6680:2105:aa78:5d79:df94:5095:14ea,TLSv1.2,161,"[TCP ACKed unseen segment] , Application Data"
152,99.1192,2a03:2880:f242:1c2:face:b00c:0:167,2a02:6680:2105:aa78:5d79:df94:5095:14ea,TLSv1.2,154,Application Data
153,99.123427,2a02:6680:2105:aa78:5d79:df94:5095:14ea,2a03:2880:f242:1c2:face:b00c:0:167,TLSv1.2,152,Application Data
154,101.559214,2a03:2880:f242:1c2:face:b00c:0:167,2a02:6680:2105:aa78:5d79:df94:5095:14ea,TLSv1.2,399,Application Data
155,101.634364,2a02:6680:2105:aa78:5d79:df94:5095:14ea,2a03:2880:f242:1c2:face:b00c:0:167,TLSv1.2,165,Application Data
156,102.480228,2a03:2880:f242:1c2:face:b00c:0:167,2a02:6680:2105:aa78:5d79:df94:5095:14ea,TLSv1.2,168,Application Data
157,102.481884,2a03:2880:f242:1c2:face:b00c:0:167,2a02:6680:2105:aa78:5d79:df94:5095:14ea,TLSv1.2,168,Application Data
158,102.481884,2a03:2880:f242:1c2:face:b00c:0:167,2a02:6680:2105:aa78:5d79:df94:5095:14ea,TLSv1.2,168,Application Data
159,102.481884,2a03:2880:f242:1c2:face:b00c:0:167,2a02:6680:2105:aa78:5d79:df94:5095:14ea,TLSv1.2,168,Application Data
160,102.483208,2a02:6680:2105:aa78:5d79:df94:5095:14ea,2a03:2880:f242:1c2:face:b00c:0:167,TLSv1.2,155,Application Data
161,102.486429,2a02:6680:2105:aa78:5d79:df94:5095:14ea,2a03:2880:f242:1c2:face:b00c:0:167,TLSv1.2,155,Application Data
162,102.486546,2a02:6680:2105:aa78:5d79:df94:5095:14ea,2a03:2880:f242:1c2:face:b00c:0:167,TLSv1.2,155,Application Data
163,102.486591,2a02:6680:2105:aa78:5d79:df94:5095:14ea,2a03:2880:f242:1c2:face:b00c:0:167,TLSv1.2,155,Application Data
164,102.830935,2a02:6680:2105:aa78:5d79:df94:5095:14ea,2a03:2880:f242:1c2:face:b00c:0:167,TLSv1.2,177,Application Data
165,103.039868,2a03:2880:f242:1c2:face:b00c:0:167,2a02:6680:2105:aa78:5d79:df94:5095:14ea,TLSv1.2,164,Application Data
166,104.450382,2a02:6680:2105:aa78:5d79:df94:5095:14ea,2a03:2880:f242:1c2:face:b00c:0:167,TLSv1.2,144,Application Data
167,104.879031,2a03:2880:f242:1c2:face:b00c:0:167,2a02:6680:2105:aa78:5d79:df94:5095:14ea,TLSv1.2,263,Application Data
168,104.895053,2a02:6680:2105:aa78:5d79:df94:5095:14ea,2a03:2880:f242:1c2:face:b00c:0:167,TLSv1.2,146,Application Data
169,105.40165,2a03:2880:f242:1c2:face:b00c:0:167,2a02:6680:2105:aa78:5d79:df94:5095:14ea,TLSv1.2,132,Application Data
170,106.427842,2a02:6680:2105:aa78:5d79:df94:5095:14ea,2a03:2880:f242:1c2:face:b00c:0:167,TLSv1.2,144,Application Data
171,106.800313,2a03:2880:f242:1c2:face:b00c:0:167,2a02:6680:2105:aa78:5d79:df94:5095:14ea,TLSv1.2,136,Application Data
172,109.01105,2a02:6680:2105:aa78:5d79:df94:5095:14ea,2a03:2880:f242:1c2:face:b00c:0:167,TLSv1.2,144,Application Data
173,112.949702,2a02:6680:2105:aa78:5d79:df94:5095:14ea,2a03:2880:f242:1c2:face:b00c:0:167,TLSv1.2,322,Application Data
174,113.238963,2a03:2880:f242:1c2:face:b00c:0:167,2a02:6680:2105:aa78:5d79:df94:5095:14ea,TLSv1.2,185,Application Data
175,113.481842,2a03:2880:f242:1c2:face:b00c:0:167,2a02:6680:2105:aa78:5d79:df94:5095:14ea,TLSv1.2,168,Application Data
176,113.48399,2a02:6680:2105:aa78:5d79:df94:5095:14ea,2a03:2880:f242:1c2:face:b00c:0:167,TLSv1.2,167,Application Data
177,113.599191,2a03:2880:f242:1c2:face:b00c:0:167,2a02:6680:2105:aa78:5d79:df94:5095:14ea,TLSv1.2,169,Application Data
178,113.602338,2a02:6680:2105:aa78:5d79:df94:5095:14ea,2a03:2880:f242:1c2:face:b00c:0:167,TLSv1.2,167,Application Data
179,113.719164,2a03:2880:f242:1c2:face:b00c:0:167,2a02:6680:2105:aa78:5d79:df94:5095:14ea,TLSv1.2,171,Application Data
180,113.727793,2a02:6680:2105:aa78:5d79:df94:5095:14ea,2a03:2880:f242:1c2:face:b00c:0:167,TLSv1.2,169,Application Data
181,114.434363,2a02:6680:2105:aa78:5d79:df94:5095:14ea,2a03:2880:f242:1c2:face:b00c:0:167,TLSv1.2,144,Application Data
182,119.858807,2a02:6680:2105:aa78:5d79:df94:5095:14ea,2a03:2880:f242:1c2:face:b00c:0:167,TLSv1.2,144,Application Data
183,120.931096,2a02:6680:2105:aa78:5d79:df94:5095:14ea,2a03:2880:f242:1c2:face:b00c:0:167,TLSv1.2,144,Application Data
184,122.964836,2a02:6680:2105:aa78:5d79:df94:5095:14ea,2a03:2880:f242:1c2:face:b00c:0:167,TLSv1.2,117,"[TCP Previous segment not captured] , Ignored Unknown Record"
185,122.999344,2a02:6680:2105:aa78:5d79:df94:5095:14ea,2a03:2880:f242:1c2:face:b00c:0:167,TLSv1.2,193,Application Data
186,123.439312,2a03:2880:f242:1c2:face:b00c:0:167,2a02:6680:2105:aa78:5d79:df94:5095:14ea,TLSv1.2,138,"[TCP ACKed unseen segment] , Application Data"
187,123.439312,2a03:2880:f242:1c2:face:b00c:0:167,2a02:6680:2105:aa78:5d79:df94:5095:14ea,TLSv1.2,314,Application Data
188,125.519608,2a02:6680:2105:aa78:5d79:df94:5095:14ea,2a03:2880:f242:1c2:face:b00c:0:167,TLSv1.2,306,Application Data
189,125.799278,2a03:2880:f242:1c2:face:b00c:0:167,2a02:6680:2105:aa78:5d79:df94:5095:14ea,TLSv1.2,185,Application Data
190,126.118971,2a03:2880:f242:1c2:face:b00c:0:167,2a02:6680:2105:aa78:5d79:df94:5095:14ea,TLSv1.2,169,Application Data
191,126.121446,2a02:6680:2105:aa78:5d79:df94:5095:14ea,2a03:2880:f242:1c2:face:b00c:0:167,TLSv1.2,167,Application Data
192,126.170125,2a03:2880:f242:1c2:face:b00c:0:167,2a02:6680:2105:aa78:5d79:df94:5095:14ea,TLSv1.2,168,Application Data
193,126.170125,2a03:2880:f242:1c2:face:b00c:0:167,2a02:6680:2105:aa78:5d79:df94:5095:14ea,TLSv1.2,171,Application Data
194,126.174917,2a02:6680:2105:aa78:5d79:df94:5095:14ea,2a03:2880:f242:1c2:face:b00c:0:167,TLSv1.2,167,Application Data
195,126.185429,2a02:6680:2105:aa78:5d79:df94:5095:14ea,2a03:2880:f242:1c2:face:b00c:0:167,TLSv1.2,169,Application Data
196,127.159144,2a02:6680:2105:aa78:5d79:df94:5095:14ea,2a03:2880:f242:1c2:face:b00c:0:167,TLSv1.2,144,Application Data
197,127.43882,2a03:2880:f242:1c2:face:b00c:0:167,2a02:6680:2105:aa78:5d79:df94:5095:14ea,TLSv1.2,260,Application Data
198,127.454106,2a02:6680:2105:aa78:5d79:df94:5095:14ea,2a03:2880:f242:1c2:face:b00c:0:167,TLSv1.2,146,Application Data
199,131.681797,2a02:6680:2105:aa78:5d79:df94:5095:14ea,2a03:2880:f242:1c2:face:b00c:0:167,TLSv1.2,322,Application Data
200,131.960088,2a03:2880:f242:1c2:face:b00c:0:167,2a02:6680:2105:aa78:5d79:df94:5095:14ea,TLSv1.2,185,Application Data
201,132.280009,2a03:2880:f242:1c2:face:b00c:0:167,2a02:6680:2105:aa78:5d79:df94:5095:14ea,TLSv1.2,168,Application Data
202,132.283557,2a02:6680:2105:aa78:5d79:df94:5095:14ea,2a03:2880:f242:1c2:face:b00c:0:167,TLSv1.2,167,Application Data
203,132.405042,2a03:2880:f242:1c2:face:b00c:0:167,2a02:6680:2105:aa78:5d79:df94:5095:14ea,TLSv1.2,169,Application Data
204,132.407683,2a02:6680:2105:aa78:5d79:df94:5095:14ea,2a03:2880:f242:1c2:face:b00c:0:167,TLSv1.2,167,Application Data
205,132.478682,2a03:2880:f242:1c2:face:b00c:0:167,2a02:6680:2105:aa78:5d79:df94:5095:14ea,TLSv1.2,171,Application Data
206,132.486156,2a02:6680:2105:aa78:5d79:df94:5095:14ea,2a03:2880:f242:1c2:face:b00c:0:167,TLSv1.2,169,Application Data
207,132.611184,2a02:6680:2105:aa78:5d79:df94:5095:14ea,2a03:2880:f242:1c2:face:b00c:0:167,TLSv1.2,144,Application Data
208,133.023344,2a02:6680:2105:aa78:5d79:df94:5095:14ea,2a03:2880:f242:1c2:face:b00c:0:167,TLSv1.2,144,Application Data
209,133.100979,2a02:6680:2105:aa78:5d79:df94:5095:14ea,2a03:2880:f242:1c2:face:b00c:0:167,TLSv1.2,144,Application Data
210,136.279011,2a03:2880:f242:1c2:face:b00c:0:167,2a02:6680:2105:aa78:5d79:df94:5095:14ea,TLSv1.2,134,Application Data
211,142.819759,2a02:6680:2105:aa78:5d79:df94:5095:14ea,2a03:2880:f242:1c2:face:b00c:0:167,TLSv1.2,338,Application Data
212,143.118583,2a03:2880:f242:1c2:face:b00c:0:167,2a02:6680:2105:aa78:5d79:df94:5095:14ea,TLSv1.2,185,Application Data
213,143.438771,2a03:2880:f242:1c2:face:b00c:0:167,2a02:6680:2105:aa78:5d79:df94:5095:14ea,TLSv1.2,169,Application Data
214,143.441249,2a02:6680:2105:aa78:5d79:df94:5095:14ea,2a03:2880:f242:1c2:face:b00c:0:167,TLSv1.2,167,Application Data
215,143.443423,2a03:2880:f242:1c2:face:b00c:0:167,2a02:6680:2105:aa78:5d79:df94:5095:14ea,TLSv1.2,168,Application Data
216,143.446658,2a02:6680:2105:aa78:5d79:df94:5095:14ea,2a03:2880:f242:1c2:face:b00c:0:167,TLSv1.2,167,Application Data
217,143.519871,2a03:2880:f242:1c2:face:b00c:0:167,2a02:6680:2105:aa78:5d79:df94:5095:14ea,TLSv1.2,171,Application Data
218,143.526982,2a02:6680:2105:aa78:5d79:df94:5095:14ea,2a03:2880:f242:1c2:face:b00c:0:167,TLSv1.2,169,Application Data
219,144.880236,2a03:2880:f242:1c2:face:b00c:0:167,2a02:6680:2105:aa78:5d79:df94:5095:14ea,TLSv1.2,151,Application Data
220,154.839131,2a03:2880:f242:1c2:face:b00c:0:167,2a02:6680:2105:aa78:5d79:df94:5095:14ea,TLSv1.2,151,Application Data
221,154.879996,2a03:2880:f242:1c2:face:b00c:0:167,2a02:6680:2105:aa78:5d79:df94:5095:14ea,TLSv1.2,151,Application Data
222,155.839228,2a03:2880:f242:1c2:face:b00c:0:167,2a02:6680:2105:aa78:5d79:df94:5095:14ea,TLSv1.2,132,Application Data
223,166.07849,2a03:2880:f242:1c2:face:b00c:0:167,2a02:6680:2105:aa78:5d79:df94:5095:14ea,TLSv1.2,151,Application Data
224,166.118904,2a03:2880:f242:1c2:face:b00c:0:167,2a02:6680:2105:aa78:5d79:df94:5095:14ea,TLSv1.2,751,Application Data
225,166.187158,2a02:6680:2105:aa78:5d79:df94:5095:14ea,2a03:2880:f242:1c2:face:b00c:0:167,TLSv1.2,173,Application Data
226,167.278739,2a03:2880:f242:1c2:face:b00c:0:167,2a02:6680:2105:aa78:5d79:df94:5095:14ea,TLSv1.2,171,"[TCP Previous segment not captured] , Application Data"
227,167.363527,2a02:6680:2105:aa78:5d79:df94:5095:14ea,2a03:2880:f242:1c2:face:b00c:0:167,TLSv1.2,170,"[TCP ACKed unseen segment] , Application Data"
228,167.36855,2a02:6680:2105:aa78:5d79:df94:5095:14ea,2a03:2880:f242:1c2:face:b00c:0:167,TLSv1.2,170,Application Data
229,167.368686,2a02:6680:2105:aa78:5d79:df94:5095:14ea,2a03:2880:f242:1c2:face:b00c:0:167,TLSv1.2,170,Application Data
230,167.368739,2a02:6680:2105:aa78:5d79:df94:5095:14ea,2a03:2880:f242:1c2:face:b00c:0:167,TLSv1.2,170,Application Data
231,168.446618,2a03:2880:f242:1c2:face:b00c:0:167,2a02:6680:2105:aa78:5d79:df94:5095:14ea,TLSv1.2,162,Application Data
232,168.453627,2a02:6680:2105:aa78:5d79:df94:5095:14ea,2a03:2880:f242:1c2:face:b00c:0:167,TLSv1.2,146,Application Data
233,168.879802,2a03:2880:f242:1c2:face:b00c:0:167,2a02:6680:2105:aa78:5d79:df94:5095:14ea,TLSv1.2,136,Application Data
234,169.839069,2a03:2880:f242:1c2:face:b00c:0:167,2a02:6680:2105:aa78:5d79:df94:5095:14ea,TLSv1.2,151,Application Data
235,171.071804,2a02:6680:2105:aa78:5d79:df94:5095:14ea,2a03:2880:f242:1c2:face:b00c:0:167,TLSv1.2,144,Application Data
236,171.318968,2a03:2880:f242:1c2:face:b00c:0:167,2a02:6680:2105:aa78:5d79:df94:5095:14ea,TLSv1.2,146,Application Data
237,173.629475,2a02:6680:2105:aa78:5d79:df94:5095:14ea,2a03:2880:f242:1c2:face:b00c:0:167,TLSv1.2,144,Application Data
238,177.319015,2a03:2880:f242:1c2:face:b00c:0:167,2a02:6680:2105:aa78:5d79:df94:5095:14ea,TLSv1.2,151,Application Data
239,181.119478,2a03:2880:f242:1c2:face:b00c:0:167,2a02:6680:2105:aa78:5d79:df94:5095:14ea,TLSv1.2,151,Application Data
240,181.519628,2a03:2880:f242:1c2:face:b00c:0:167,2a02:6680:2105:aa78:5d79:df94:5095:14ea,TLSv1.2,151,Application Data
241,182.308966,2a02:6680:2105:aa78:5d79:df94:5095:14ea,2a03:2880:f242:1c2:face:b00c:0:167,TLSv1.2,306,Application Data
242,182.59975,2a03:2880:f242:1c2:face:b00c:0:167,2a02:6680:2105:aa78:5d79:df94:5095:14ea,TLSv1.2,185,Application Data
243,182.878452,2a03:2880:f242:1c2:face:b00c:0:167,2a02:6680:2105:aa78:5d79:df94:5095:14ea,TLSv1.2,151,Application Data
244,182.959576,2a03:2880:f242:1c2:face:b00c:0:167,2a02:6680:2105:aa78:5d79:df94:5095:14ea,TLSv1.2,168,Application Data
245,182.963447,2a02:6680:2105:aa78:5d79:df94:5095:14ea,2a03:2880:f242:1c2:face:b00c:0:167,TLSv1.2,167,Application Data
246,182.998384,2a03:2880:f242:1c2:face:b00c:0:167,2a02:6680:2105:aa78:5d79:df94:5095:14ea,TLSv1.2,169,Application Data
247,183.000641,2a02:6680:2105:aa78:5d79:df94:5095:14ea,2a03:2880:f242:1c2:face:b00c:0:167,TLSv1.2,167,Application Data
248,183.039658,2a03:2880:f242:1c2:face:b00c:0:167,2a02:6680:2105:aa78:5d79:df94:5095:14ea,TLSv1.2,171,Application Data
249,183.048081,2a02:6680:2105:aa78:5d79:df94:5095:14ea,2a03:2880:f242:1c2:face:b00c:0:167,TLSv1.2,169,Application Data
250,185.11993,2a03:2880:f242:1c2:face:b00c:0:167,2a02:6680:2105:aa78:5d79:df94:5095:14ea,TLSv1.2,136,Application Data
251,190.998727,2a03:2880:f242:1c2:face:b00c:0:167,2a02:6680:2105:aa78:5d79:df94:5095:14ea,TLSv1.2,151,Application Data
252,195.038733,2a03:2880:f242:1c2:face:b00c:0:167,2a02:6680:2105:aa78:5d79:df94:5095:14ea,TLSv1.2,335,Application Data
253,195.162279,2a02:6680:2105:aa78:5d79:df94:5095:14ea,2a03:2880:f242:1c2:face:b00c:0:167,TLSv1.2,165,Application Data
254,195.237555,2a02:6680:2105:aa78:5d79:df94:5095:14ea,2a03:2880:f242:1c2:face:b00c:0:167,TLSv1.2,177,Application Data
255,195.438416,2a03:2880:f242:1c2:face:b00c:0:167,2a02:6680:2105:aa78:5d79:df94:5095:14ea,TLSv1.2,164,Application Data
256,195.920938,2a03:2880:f242:1c2:face:b00c:0:167,2a02:6680:2105:aa78:5d79:df94:5095:14ea,TLSv1.2,171,Application Data
257,195.924154,2a02:6680:2105:aa78:5d79:df94:5095:14ea,2a03:2880:f242:1c2:face:b00c:0:167,TLSv1.2,170,Application Data
258,199.433061,2a02:6680:2105:aa78:5d79:df94:5095:14ea,2a03:2880:f242:1c2:face:b00c:0:167,TLSv1.2,144,Application Data
259,200.318701,2a03:2880:f242:1c2:face:b00c:0:167,2a02:6680:2105:aa78:5d79:df94:5095:14ea,TLSv1.2,203,Application Data
260,200.339211,2a02:6680:2105:aa78:5d79:df94:5095:14ea,2a03:2880:f242:1c2:face:b00c:0:167,TLSv1.2,164,Application Data
261,200.339382,2a02:6680:2105:aa78:5d79:df94:5095:14ea,2a03:2880:f242:1c2:face:b00c:0:167,TLSv1.2,164,Application Data
262,200.522837,2a03:2880:f242:1c2:face:b00c:0:167,2a02:6680:2105:aa78:5d79:df94:5095:14ea,TLSv1.2,555,Application Data
263,200.527735,2a03:2880:f242:1c2:face:b00c:0:167,2a02:6680:2105:aa78:5d79:df94:5095:14ea,TLSv1.2,517,Application Data
264,200.530584,2a02:6680:2105:aa78:5d79:df94:5095:14ea,2a03:2880:f242:1c2:face:b00c:0:167,TLSv1.2,148,Application Data
265,202.59984,2a03:2880:f242:1c2:face:b00c:0:167,2a02:6680:2105:aa78:5d79:df94:5095:14ea,TLSv1.2,745,Application Data
266,202.663843,2a02:6680:2105:aa78:5d79:df94:5095:14ea,2a03:2880:f242:1c2:face:b00c:0:167,TLSv1.2,173,Application Data
267,203.919488,2a03:2880:f242:1c2:face:b00c:0:167,2a02:6680:2105:aa78:5d79:df94:5095:14ea,TLSv1.2,479,Application Data
268,203.967839,2a02:6680:2105:aa78:5d79:df94:5095:14ea,2a03:2880:f242:1c2:face:b00c:0:167,TLSv1.2,173,Application Data
269,208.194004,2a02:6680:2105:aa78:5d79:df94:5095:14ea,2a03:2880:f242:1c2:face:b00c:0:167,TLSv1.2,338,Application Data
270,208.479369,2a03:2880:f242:1c2:face:b00c:0:167,2a02:6680:2105:aa78:5d79:df94:5095:14ea,TLSv1.2,185,Application Data
271,208.80571,2a03:2880:f242:1c2:face:b00c:0:167,2a02:6680:2105:aa78:5d79:df94:5095:14ea,TLSv1.2,168,Application Data
272,208.816908,2a02:6680:2105:aa78:5d79:df94:5095:14ea,2a03:2880:f242:1c2:face:b00c:0:167,TLSv1.2,167,Application Data
273,209.014458,2a03:2880:f242:1c2:face:b00c:0:167,2a02:6680:2105:aa78:5d79:df94:5095:14ea,TLSv1.2,169,Application Data
274,209.016085,2a02:6680:2105:aa78:5d79:df94:5095:14ea,2a03:2880:f242:1c2:face:b00c:0:167,TLSv1.2,167,Application Data
275,213.958431,2a03:2880:f242:1c2:face:b00c:0:167,2a02:6680:2105:aa78:5d79:df94:5095:14ea,TLSv1.2,171,Application Data
276,213.973428,2a02:6680:2105:aa78:5d79:df94:5095:14ea,2a03:2880:f242:1c2:face:b00c:0:167,TLSv1.2,169,Application Data
277,220.920779,2a03:2880:f242:1c2:face:b00c:0:167,2a02:6680:2105:aa78:5d79:df94:5095:14ea,TLSv1.2,253,Application Data
278,221.033967,2a02:6680:2105:aa78:5d79:df94:5095:14ea,2a03:2880:f242:1c2:face:b00c:0:167,TLSv1.2,163,Application Data
279,223.080654,2a03:2880:f242:1c2:face:b00c:0:167,2a02:6680:2105:aa78:5d79:df94:5095:14ea,TLSv1.2,134,Application Data
280,225.121936,2a02:6680:2105:aa78:5d79:df94:5095:14ea,2a03:2880:f242:1c2:face:b00c:0:167,TLSv1.2,138,Application Data
281,229.478512,2a03:2880:f242:1c2:face:b00c:0:167,2a02:6680:2105:aa78:5d79:df94:5095:14ea,TLSv1.2,253,Application Data
282,229.549373,2a02:6680:2105:aa78:5d79:df94:5095:14ea,2a03:2880:f242:1c2:face:b00c:0:167,TLSv1.2,163,Application Data
283,236.097565,2a02:6680:2105:aa78:5d79:df94:5095:14ea,2a03:2880:f242:1c2:face:b00c:0:167,TLSv1.2,144,Application Data
284,236.283278,2a03:2880:f242:1c2:face:b00c:0:167,2a02:6680:2105:aa78:5d79:df94:5095:14ea,TLSv1.2,146,Application Data
285,236.904768,2a02:6680:2105:aa78:5d79:df94:5095:14ea,2a03:2880:f242:1c2:face:b00c:0:167,TLSv1.2,138,Application Data
286,237.118553,2a03:2880:f242:1c2:face:b00c:0:167,2a02:6680:2105:aa78:5d79:df94:5095:14ea,TLSv1.2,132,Application Data
287,237.118553,2a03:2880:f242:1c2:face:b00c:0:167,2a02:6680:2105:aa78:5d79:df94:5095:14ea,TLSv1.2,134,Application Data
288,237.118553,2a03:2880:f242:1c2:face:b00c:0:167,2a02:6680:2105:aa78:5d79:df94:5095:14ea,TLSv1.2,134,Application Data
289,237.118553,2a03:2880:f242:1c2:face:b00c:0:167,2a02:6680:2105:aa78:5d79:df94:5095:14ea,TLSv1.2,136,Application Data
290,237.118553,2a03:2880:f242:1c2:face:b00c:0:167,2a02:6680:2105:aa78:5d79:df94:5095:14ea,TLSv1.2,134,Application Data
291,238.598276,2a03:2880:f242:1c2:face:b00c:0:167,2a02:6680:2105:aa78:5d79:df94:5095:14ea,TLSv1.2,820,Application Data
292,238.653102,2a02:6680:2105:aa78:5d79:df94:5095:14ea,2a03:2880:f242:1c2:face:b00c:0:167,TLSv1.2,173,Application Data
293,239.318426,2a03:2880:f242:1c2:face:b00c:0:167,2a02:6680:2105:aa78:5d79:df94:5095:14ea,TLSv1.2,162,Application Data
294,239.406417,2a02:6680:2105:aa78:5d79:df94:5095:14ea,2a03:2880:f242:1c2:face:b00c:0:167,TLSv1.2,146,Application Data
295,239.638212,2a03:2880:f242:1c2:face:b00c:0:167,2a02:6680:2105:aa78:5d79:df94:5095:14ea,TLSv1.2,171,Application Data
296,239.660445,2a02:6680:2105:aa78:5d79:df94:5095:14ea,2a03:2880:f242:1c2:face:b00c:0:167,TLSv1.2,170,Application Data
297,241.766075,2a03:2880:f242:1c2:face:b00c:0:167,2a02:6680:2105:aa78:5d79:df94:5095:14ea,TLSv1.2,139,Application Data
298,246.527228,2a03:2880:f242:1c2:face:b00c:0:167,2a02:6680:2105:aa78:5d79:df94:5095:14ea,TLSv1.2,137,Application Data
299,246.698552,2a02:6680:2105:aa78:5d79:df94:5095:14ea,2a03:2880:f242:1c2:face:b00c:0:167,TLSv1.2,144,Application Data
300,249.317962,2a03:2880:f242:1c2:face:b00c:0:167,2a02:6680:2105:aa78:5d79:df94:5095:14ea,TLSv1.2,139,Application Data
301,249.358573,2a02:6680:2105:aa78:5d79:df94:5095:14ea,2a03:2880:f242:1c2:face:b00c:0:167,TLSv1.2,306,Application Data
302,249.646257,2a03:2880:f242:1c2:face:b00c:0:167,2a02:6680:2105:aa78:5d79:df94:5095:14ea,TLSv1.2,185,Application Data
303,249.923585,2a03:2880:f242:1c2:face:b00c:0:167,2a02:6680:2105:aa78:5d79:df94:5095:14ea,TLSv1.2,168,Application Data
304,249.926335,2a02:6680:2105:aa78:5d79:df94:5095:14ea,2a03:2880:f242:1c2:face:b00c:0:167,TLSv1.2,167,Application Data
305,250.083214,2a03:2880:f242:1c2:face:b00c:0:167,2a02:6680:2105:aa78:5d79:df94:5095:14ea,TLSv1.2,169,Application Data
306,250.086827,2a02:6680:2105:aa78:5d79:df94:5095:14ea,2a03:2880:f242:1c2:face:b00c:0:167,TLSv1.2,167,Application Data
307,250.261794,2a02:6680:2105:aa78:5d79:df94:5095:14ea,2a03:2880:f242:1c2:face:b00c:0:167,TLSv1.2,144,Application Data
308,250.851099,2a02:6680:2105:aa78:5d79:df94:5095:14ea,2a03:2880:f242:1c2:face:b00c:0:167,TLSv1.2,933,Application Data
309,251.198086,2a03:2880:f242:1c2:face:b00c:0:167,2a02:6680:2105:aa78:5d79:df94:5095:14ea,TLSv1.2,185,Application Data
310,251.438223,2a03:2880:f242:1c2:face:b00c:0:167,2a02:6680:2105:aa78:5d79:df94:5095:14ea,TLSv1.2,168,Application Data
311,251.44063,2a02:6680:2105:aa78:5d79:df94:5095:14ea,2a03:2880:f242:1c2:face:b00c:0:167,TLSv1.2,167,Application Data
312,251.68197,2a03:2880:f242:1c2:face:b00c:0:167,2a02:6680:2105:aa78:5d79:df94:5095:14ea,TLSv1.2,169,Application Data
313,251.684291,2a02:6680:2105:aa78:5d79:df94:5095:14ea,2a03:2880:f242:1c2:face:b00c:0:167,TLSv1.2,167,Application Data
314,254.278259,2a03:2880:f242:1c2:face:b00c:0:167,2a02:6680:2105:aa78:5d79:df94:5095:14ea,TLSv1.2,195,Application Data
315,254.291439,2a02:6680:2105:aa78:5d79:df94:5095:14ea,2a03:2880:f242:1c2:face:b00c:0:167,TLSv1.2,169,Application Data
316,254.318259,2a03:2880:f242:1c2:face:b00c:0:167,2a02:6680:2105:aa78:5d79:df94:5095:14ea,TLSv1.2,137,Application Data
317,255.358244,2a03:2880:f242:1c2:face:b00c:0:167,2a02:6680:2105:aa78:5d79:df94:5095:14ea,TLSv1.2,838,Application Data
318,255.422608,2a02:6680:2105:aa78:5d79:df94:5095:14ea,2a03:2880:f242:1c2:face:b00c:0:167,TLSv1.2,155,Application Data
319,255.963434,2a02:6680:2105:aa78:5d79:df94:5095:14ea,2a03:2880:f242:1c2:face:b00c:0:167,TLSv1.2,149,Application Data
320,256.168455,2a03:2880:f242:1c2:face:b00c:0:167,2a02:6680:2105:aa78:5d79:df94:5095:14ea,TLSv1.2,1079,Application Data
321,256.282508,2a03:2880:f242:1c2:face:b00c:0:167,2a02:6680:2105:aa78:5d79:df94:5095:14ea,TLSv1.2,171,Application Data
322,256.287396,2a02:6680:2105:aa78:5d79:df94:5095:14ea,2a03:2880:f242:1c2:face:b00c:0:167,TLSv1.2,170,Application Data
323,256.321381,2a03:2880:f242:1c2:face:b00c:0:167,2a02:6680:2105:aa78:5d79:df94:5095:14ea,TLSv1.2,171,Application Data
324,256.324543,2a02:6680:2105:aa78:5d79:df94:5095:14ea,2a03:2880:f242:1c2:face:b00c:0:167,TLSv1.2,170,Application Data
325,257.758929,2a03:2880:f242:1c2:face:b00c:0:167,2a02:6680:2105:aa78:5d79:df94:5095:14ea,TLSv1.2,151,Application Data
326,259.520383,2a03:2880:f242:1c2:face:b00c:0:167,2a02:6680:2105:aa78:5d79:df94:5095:14ea,TLSv1.2,154,Application Data
327,262.169723,2a03:2880:f242:1c2:face:b00c:0:167,2a02:6680:2105:aa78:5d79:df94:5095:14ea,TLSv1.2,335,Application Data
328,262.296802,2a02:6680:2105:aa78:5d79:df94:5095:14ea,2a03:2880:f242:1c2:face:b00c:0:167,TLSv1.2,165,Application Data
329,262.334762,2a02:6680:2105:aa78:5d79:df94:5095:14ea,2a03:2880:f242:1c2:face:b00c:0:167,TLSv1.2,177,Application Data
330,262.519312,2a03:2880:f242:1c2:face:b00c:0:167,2a02:6680:2105:aa78:5d79:df94:5095:14ea,TLSv1.2,164,Application Data
331,263.199315,2a03:2880:f242:1c2:face:b00c:0:167,2a02:6680:2105:aa78:5d79:df94:5095:14ea,TLSv1.2,151,Application Data
332,266.184047,2a02:6680:2105:aa78:5d79:df94:5095:14ea,2a03:2880:f242:1c2:face:b00c:0:167,TLSv1.2,144,Application Data
333,266.917591,2a03:2880:f242:1c2:face:b00c:0:167,2a02:6680:2105:aa78:5d79:df94:5095:14ea,TLSv1.2,151,Application Data
334,267.64735,2a03:2880:f242:1c2:face:b00c:0:167,2a02:6680:2105:aa78:5d79:df94:5095:14ea,TLSv1.2,319,Application Data
335,267.778621,2a02:6680:2105:aa78:5d79:df94:5095:14ea,2a03:2880:f242:1c2:face:b00c:0:167,TLSv1.2,165,Application Data
336,267.80766,2a02:6680:2105:aa78:5d79:df94:5095:14ea,2a03:2880:f242:1c2:face:b00c:0:167,TLSv1.2,177,Application Data
337,267.998127,2a03:2880:f242:1c2:face:b00c:0:167,2a02:6680:2105:aa78:5d79:df94:5095:14ea,TLSv1.2,164,Application Data
338,269.717947,2a03:2880:f242:1c2:face:b00c:0:167,2a02:6680:2105:aa78:5d79:df94:5095:14ea,TLSv1.2,154,Application Data
339,273.999319,2a03:2880:f242:1c2:face:b00c:0:167,2a02:6680:2105:aa78:5d79:df94:5095:14ea,TLSv1.2,154,Application Data
340,276.21565,2a02:6680:2105:aa78:5d79:df94:5095:14ea,2a03:2880:f242:1c2:face:b00c:0:167,TLSv1.2,144,Application Data
341,280.318273,2a03:2880:f242:1c2:face:b00c:0:167,2a02:6680:2105:aa78:5d79:df94:5095:14ea,TLSv1.2,154,Application Data
342,282.760974,2a03:2880:f242:1c2:face:b00c:0:167,2a02:6680:2105:aa78:5d79:df94:5095:14ea,TLSv1.2,154,Application Data
343,286.23364,2a02:6680:2105:aa78:5d79:df94:5095:14ea,2a03:2880:f242:1c2:face:b00c:0:167,TLSv1.2,144,Application Data
344,287.511607,2a02:6680:2105:aa78:5d79:df94:5095:14ea,2a03:2880:f242:1c2:face:b00c:0:167,TLSv1.2,144,Application Data
345,287.558037,2a03:2880:f242:1c2:face:b00c:0:167,2a02:6680:2105:aa78:5d79:df94:5095:14ea,TLSv1.2,137,Application Data
346,287.719078,2a03:2880:f242:1c2:face:b00c:0:167,2a02:6680:2105:aa78:5d79:df94:5095:14ea,TLSv1.2,146,Application Data
347,289.529201,2a03:2880:f242:1c2:face:b00c:0:167,2a02:6680:2105:aa78:5d79:df94:5095:14ea,TLSv1.2,260,Application Data
348,289.564347,2a02:6680:2105:aa78:5d79:df94:5095:14ea,2a03:2880:f242:1c2:face:b00c:0:167,TLSv1.2,146,Application Data
349,289.837994,2a03:2880:f242:1c2:face:b00c:0:167,2a02:6680:2105:aa78:5d79:df94:5095:14ea,TLSv1.2,154,Application Data
350,292.323472,2a03:2880:f242:1c2:face:b00c:0:167,2a02:6680:2105:aa78:5d79:df94:5095:14ea,TLSv1.2,154,Application Data
351,292.677841,2a03:2880:f242:1c2:face:b00c:0:167,2a02:6680:2105:aa78:5d79:df94:5095:14ea,TLSv1.2,132,Application Data
352,292.838038,2a03:2880:f242:1c2:face:b00c:0:167,2a02:6680:2105:aa78:5d79:df94:5095:14ea,TLSv1.2,151,Application Data
353,293.759789,2a03:2880:f242:1c2:face:b00c:0:167,2a02:6680:2105:aa78:5d79:df94:5095:14ea,TLSv1.2,673,Application Data
354,293.846123,2a02:6680:2105:aa78:5d79:df94:5095:14ea,2a03:2880:f242:1c2:face:b00c:0:167,TLSv1.2,435,Application Data
355,293.895166,2a02:6680:2105:aa78:5d79:df94:5095:14ea,2a03:2880:f242:1c2:face:b00c:0:167,TLSv1.2,173,Application Data
356,294.197696,2a03:2880:f242:1c2:face:b00c:0:167,2a02:6680:2105:aa78:5d79:df94:5095:14ea,TLSv1.2,185,Application Data
357,294.359163,2a03:2880:f242:1c2:face:b00c:0:167,2a02:6680:2105:aa78:5d79:df94:5095:14ea,TLSv1.2,136,Application Data
358,294.519249,2a03:2880:f242:1c2:face:b00c:0:167,2a02:6680:2105:aa78:5d79:df94:5095:14ea,TLSv1.2,168,Application Data
359,294.522104,2a02:6680:2105:aa78:5d79:df94:5095:14ea,2a03:2880:f242:1c2:face:b00c:0:167,TLSv1.2,167,Application Data
360,294.598273,2a03:2880:f242:1c2:face:b00c:0:167,2a02:6680:2105:aa78:5d79:df94:5095:14ea,TLSv1.2,169,Application Data
361,294.601939,2a02:6680:2105:aa78:5d79:df94:5095:14ea,2a03:2880:f242:1c2:face:b00c:0:167,TLSv1.2,167,Application Data
362,294.758913,2a03:2880:f242:1c2:face:b00c:0:167,2a02:6680:2105:aa78:5d79:df94:5095:14ea,TLSv1.2,171,Application Data
363,294.765154,2a02:6680:2105:aa78:5d79:df94:5095:14ea,2a03:2880:f242:1c2:face:b00c:0:167,TLSv1.2,169,Application Data
364,294.798116,2a03:2880:f242:1c2:face:b00c:0:167,2a02:6680:2105:aa78:5d79:df94:5095:14ea,TLSv1.2,171,Application Data
365,294.80104,2a02:6680:2105:aa78:5d79:df94:5095:14ea,2a03:2880:f242:1c2:face:b00c:0:167,TLSv1.2,170,Application Data
366,297.719996,2a03:2880:f242:1c2:face:b00c:0:167,2a02:6680:2105:aa78:5d79:df94:5095:14ea,TLSv1.2,137,Application Data
367,302.553471,2a02:6680:2105:aa78:5d79:df94:5095:14ea,2a03:2880:f242:1c2:face:b00c:0:167,TLSv1.2,144,Application Data
368,302.837372,2a03:2880:f242:1c2:face:b00c:0:167,2a02:6680:2105:aa78:5d79:df94:5095:14ea,TLSv1.2,151,Application Data
369,303.717732,2a03:2880:f242:1c2:face:b00c:0:167,2a02:6680:2105:aa78:5d79:df94:5095:14ea,TLSv1.2,173,Application Data
370,303.728876,2a02:6680:2105:aa78:5d79:df94:5095:14ea,2a03:2880:f242:1c2:face:b00c:0:167,TLSv1.2,164,Application Data
371,303.729035,2a02:6680:2105:aa78:5d79:df94:5095:14ea,2a03:2880:f242:1c2:face:b00c:0:167,TLSv1.2,164,Application Data
372,303.919826,2a03:2880:f242:1c2:face:b00c:0:167,2a02:6680:2105:aa78:5d79:df94:5095:14ea,TLSv1.2,521,Application Data
373,303.966467,2a03:2880:f242:1c2:face:b00c:0:167,2a02:6680:2105:aa78:5d79:df94:5095:14ea,TLSv1.2,559,Application Data
374,303.984765,2a02:6680:2105:aa78:5d79:df94:5095:14ea,2a03:2880:f242:1c2:face:b00c:0:167,TLSv1.2,148,Application Data
375,304.123156,2a03:2880:f242:1c2:face:b00c:0:167,2a02:6680:2105:aa78:5d79:df94:5095:14ea,TLSv1.2,151,Application Data
376,305.558001,2a03:2880:f242:1c2:face:b00c:0:167,2a02:6680:2105:aa78:5d79:df94:5095:14ea,TLSv1.2,1010,Application Data
377,305.603172,2a02:6680:2105:aa78:5d79:df94:5095:14ea,2a03:2880:f242:1c2:face:b00c:0:167,TLSv1.2,168,Application Data
378,305.719213,2a03:2880:f242:1c2:face:b00c:0:167,2a02:6680:2105:aa78:5d79:df94:5095:14ea,TLSv1.2,367,Application Data
379,305.843263,2a02:6680:2105:aa78:5d79:df94:5095:14ea,2a03:2880:f242:1c2:face:b00c:0:167,TLSv1.2,165,Application Data
380,305.88501,2a02:6680:2105:aa78:5d79:df94:5095:14ea,2a03:2880:f242:1c2:face:b00c:0:167,TLSv1.2,177,Application Data
381,306.080346,2a03:2880:f242:1c2:face:b00c:0:167,2a02:6680:2105:aa78:5d79:df94:5095:14ea,TLSv1.2,164,Application Data
382,306.118158,2a03:2880:f242:1c2:face:b00c:0:167,2a02:6680:2105:aa78:5d79:df94:5095:14ea,TLSv1.2,151,Application Data
383,306.997747,2a03:2880:f242:1c2:face:b00c:0:167,2a02:6680:2105:aa78:5d79:df94:5095:14ea,TLSv1.2,154,Application Data
384,307.852733,2a03:2880:f242:1c2:face:b00c:0:167,2a02:6680:2105:aa78:5d79:df94:5095:14ea,TLSv1.2,137,Application Data
385,308.38018,2a02:6680:2105:aa78:5d79:df94:5095:14ea,2a03:2880:f242:1c2:face:b00c:0:167,TLSv1.2,322,Application Data
386,308.679024,2a03:2880:f242:1c2:face:b00c:0:167,2a02:6680:2105:aa78:5d79:df94:5095:14ea,TLSv1.2,185,Application Data
387,308.703552,2a02:6680:2105:aa78:5d79:df94:5095:14ea,2a03:2880:f242:1c2:face:b00c:0:167,TLSv1.2,144,Application Data
388,309.0384,2a03:2880:f242:1c2:face:b00c:0:167,2a02:6680:2105:aa78:5d79:df94:5095:14ea,TLSv1.2,168,Application Data
389,309.041872,2a02:6680:2105:aa78:5d79:df94:5095:14ea,2a03:2880:f242:1c2:face:b00c:0:167,TLSv1.2,167,Application Data
390,309.077995,2a03:2880:f242:1c2:face:b00c:0:167,2a02:6680:2105:aa78:5d79:df94:5095:14ea,TLSv1.2,169,Application Data
391,309.080271,2a02:6680:2105:aa78:5d79:df94:5095:14ea,2a03:2880:f242:1c2:face:b00c:0:167,TLSv1.2,167,Application Data
392,309.170242,2a03:2880:f242:1c2:face:b00c:0:167,2a02:6680:2105:aa78:5d79:df94:5095:14ea,TLSv1.2,171,Application Data
393,309.179069,2a02:6680:2105:aa78:5d79:df94:5095:14ea,2a03:2880:f242:1c2:face:b00c:0:167,TLSv1.2,169,Application Data
394,310.077827,2a03:2880:f242:1c2:face:b00c:0:167,2a02:6680:2105:aa78:5d79:df94:5095:14ea,TLSv1.2,154,Application Data
395,312.639168,2a03:2880:f242:1c2:face:b00c:0:167,2a02:6680:2105:aa78:5d79:df94:5095:14ea,TLSv1.2,154,Application Data
396,312.69906,2a03:2880:f242:1c2:face:b00c:0:167,2a02:6680:2105:aa78:5d79:df94:5095:14ea,TLSv1.2,151,Application Data
397,312.718153,2a03:2880:f242:1c2:face:b00c:0:167,2a02:6680:2105:aa78:5d79:df94:5095:14ea,TLSv1.2,132,Application Data
398,314.391288,2a03:2880:f242:1c2:face:b00c:0:167,2a02:6680:2105:aa78:5d79:df94:5095:14ea,TLSv1.2,151,Application Data
399,316.139816,2a02:6680:2105:aa78:5d79:df94:5095:14ea,2a03:2880:f242:1c2:face:b00c:0:167,TLSv1.2,338,Application Data
400,316.253693,2a02:6680:2105:aa78:5d79:df94:5095:14ea,2a03:2880:f242:1c2:face:b00c:0:167,TLSv1.2,144,Application Data
401,316.398553,2a03:2880:f242:1c2:face:b00c:0:167,2a02:6680:2105:aa78:5d79:df94:5095:14ea,TLSv1.2,185,Application Data
402,316.676868,2a03:2880:f242:1c2:face:b00c:0:167,2a02:6680:2105:aa78:5d79:df94:5095:14ea,TLSv1.2,168,Application Data
403,316.679028,2a02:6680:2105:aa78:5d79:df94:5095:14ea,2a03:2880:f242:1c2:face:b00c:0:167,TLSv1.2,167,Application Data
404,316.7991,2a03:2880:f242:1c2:face:b00c:0:167,2a02:6680:2105:aa78:5d79:df94:5095:14ea,TLSv1.2,169,Application Data
405,316.801736,2a02:6680:2105:aa78:5d79:df94:5095:14ea,2a03:2880:f242:1c2:face:b00c:0:167,TLSv1.2,167,Application Data
406,316.882013,2a03:2880:f242:1c2:face:b00c:0:167,2a02:6680:2105:aa78:5d79:df94:5095:14ea,TLSv1.2,171,Application Data
407,316.887515,2a02:6680:2105:aa78:5d79:df94:5095:14ea,2a03:2880:f242:1c2:face:b00c:0:167,TLSv1.2,169,Application Data
408,318.19959,2a03:2880:f242:1c2:face:b00c:0:167,2a02:6680:2105:aa78:5d79:df94:5095:14ea,TLSv1.2,349,Application Data
409,318.219463,2a02:6680:2105:aa78:5d79:df94:5095:14ea,2a03:2880:f242:1c2:face:b00c:0:167,TLSv1.2,146,Application Data
410,318.798564,2a03:2880:f242:1c2:face:b00c:0:167,2a02:6680:2105:aa78:5d79:df94:5095:14ea,TLSv1.2,137,Application Data
411,322.837936,2a03:2880:f242:1c2:face:b00c:0:167,2a02:6680:2105:aa78:5d79:df94:5095:14ea,TLSv1.2,154,Application Data
412,324.4793,2a03:2880:f242:1c2:face:b00c:0:167,2a02:6680:2105:aa78:5d79:df94:5095:14ea,TLSv1.2,136,Application Data
413,324.557913,2a03:2880:f242:1c2:face:b00c:0:167,2a02:6680:2105:aa78:5d79:df94:5095:14ea,TLSv1.2,450,Application Data
414,324.632789,2a02:6680:2105:aa78:5d79:df94:5095:14ea,2a03:2880:f242:1c2:face:b00c:0:167,TLSv1.2,155,Application Data
415,325.47785,2a03:2880:f242:1c2:face:b00c:0:167,2a02:6680:2105:aa78:5d79:df94:5095:14ea,TLSv1.2,134,Application Data
416,325.600673,2a03:2880:f242:1c2:face:b00c:0:167,2a02:6680:2105:aa78:5d79:df94:5095:14ea,TLSv1.2,171,Application Data
417,325.600673,2a03:2880:f242:1c2:face:b00c:0:167,2a02:6680:2105:aa78:5d79:df94:5095:14ea,TLSv1.2,171,Application Data
418,325.604895,2a02:6680:2105:aa78:5d79:df94:5095:14ea,2a03:2880:f242:1c2:face:b00c:0:167,TLSv1.2,170,Application Data
419,325.609153,2a02:6680:2105:aa78:5d79:df94:5095:14ea,2a03:2880:f242:1c2:face:b00c:0:167,TLSv1.2,170,Application Data
420,326.175377,2a03:2880:f242:1c2:face:b00c:0:167,2a02:6680:2105:aa78:5d79:df94:5095:14ea,TLSv1.2,154,Application Data
421,326.263751,2a02:6680:2105:aa78:5d79:df94:5095:14ea,2a03:2880:f242:1c2:face:b00c:0:167,TLSv1.2,144,Application Data
422,326.877994,2a03:2880:f242:1c2:face:b00c:0:167,2a02:6680:2105:aa78:5d79:df94:5095:14ea,TLSv1.2,154,Application Data
423,327.079297,2a03:2880:f242:1c2:face:b00c:0:167,2a02:6680:2105:aa78:5d79:df94:5095:14ea,TLSv1.2,154,Application Data
424,327.440827,2a03:2880:f242:1c2:face:b00c:0:167,2a02:6680:2105:aa78:5d79:df94:5095:14ea,TLSv1.2,137,Application Data
425,328.117788,2a03:2880:f242:1c2:face:b00c:0:167,2a02:6680:2105:aa78:5d79:df94:5095:14ea,TLSv1.2,337,Application Data
426,328.174083,2a02:6680:2105:aa78:5d79:df94:5095:14ea,2a03:2880:f242:1c2:face:b00c:0:167,TLSv1.2,155,Application Data
427,329.678008,2a03:2880:f242:1c2:face:b00c:0:167,2a02:6680:2105:aa78:5d79:df94:5095:14ea,TLSv1.2,326,Application Data
428,329.737705,2a02:6680:2105:aa78:5d79:df94:5095:14ea,2a03:2880:f242:1c2:face:b00c:0:167,TLSv1.2,173,Application Data
429,330.037525,2a03:2880:f242:1c2:face:b00c:0:167,2a02:6680:2105:aa78:5d79:df94:5095:14ea,TLSv1.2,369,Application Data
430,330.094117,2a02:6680:2105:aa78:5d79:df94:5095:14ea,2a03:2880:f242:1c2:face:b00c:0:167,TLSv1.2,173,Application Data
431,330.780772,2a02:6680:2105:aa78:5d79:df94:5095:14ea,2a03:2880:f242:1c2:face:b00c:0:167,TLSv1.2,403,Application Data
432,331.128016,2a03:2880:f242:1c2:face:b00c:0:167,2a02:6680:2105:aa78:5d79:df94:5095:14ea,TLSv1.2,185,Application Data
433,332.037297,2a03:2880:f242:1c2:face:b00c:0:167,2a02:6680:2105:aa78:5d79:df94:5095:14ea,TLSv1.2,168,Application Data
434,332.040111,2a02:6680:2105:aa78:5d79:df94:5095:14ea,2a03:2880:f242:1c2:face:b00c:0:167,TLSv1.2,167,Application Data
435,332.639222,2a03:2880:f242:1c2:face:b00c:0:167,2a02:6680:2105:aa78:5d79:df94:5095:14ea,TLSv1.2,132,Application Data
436,334.732277,2a02:6680:2105:aa78:5d79:df94:5095:14ea,2a03:2880:f242:1c2:face:b00c:0:167,TLSv1.2,144,Application Data
437,338.238028,2a03:2880:f242:1c2:face:b00c:0:167,2a02:6680:2105:aa78:5d79:df94:5095:14ea,TLSv1.2,154,Application Data
438,339.168608,2a03:2880:f242:1c2:face:b00c:0:167,2a02:6680:2105:aa78:5d79:df94:5095:14ea,TLSv1.2,437,Application Data
439,339.205596,2a02:6680:2105:aa78:5d79:df94:5095:14ea,2a03:2880:f242:1c2:face:b00c:0:167,TLSv1.2,175,Application Data
440,340.117736,2a03:2880:f242:1c2:face:b00c:0:167,2a02:6680:2105:aa78:5d79:df94:5095:14ea,TLSv1.2,171,Application Data
441,340.12061,2a02:6680:2105:aa78:5d79:df94:5095:14ea,2a03:2880:f242:1c2:face:b00c:0:167,TLSv1.2,170,Application Data
442,340.700829,2a02:6680:2105:aa78:5d79:df94:5095:14ea,2a03:2880:f242:1c2:face:b00c:0:167,TLSv1.2,144,Application Data
443,340.953148,2a02:6680:2105:aa78:5d79:df94:5095:14ea,2a03:2880:f242:1c2:face:b00c:0:167,TLSv1.2,144,Application Data
444,342.797873,2a03:2880:f242:1c2:face:b00c:0:167,2a02:6680:2105:aa78:5d79:df94:5095:14ea,TLSv1.2,154,Application Data
445,342.997186,2a03:2880:f242:1c2:face:b00c:0:167,2a02:6680:2105:aa78:5d79:df94:5095:14ea,TLSv1.2,154,Application Data
446,343.820884,2a02:6680:2105:aa78:5d79:df94:5095:14ea,2a03:2880:f242:1c2:face:b00c:0:167,TLSv1.2,144,Application Data
447,343.90989,2a02:6680:2105:aa78:5d79:df94:5095:14ea,2a03:2880:f242:1c2:face:b00c:0:167,TLSv1.2,469,Application Data
448,344.197896,2a03:2880:f242:1c2:face:b00c:0:167,2a02:6680:2105:aa78:5d79:df94:5095:14ea,TLSv1.2,185,Application Data
449,344.518806,2a03:2880:f242:1c2:face:b00c:0:167,2a02:6680:2105:aa78:5d79:df94:5095:14ea,TLSv1.2,154,Application Data
450,344.686803,2a03:2880:f242:1c2:face:b00c:0:167,2a02:6680:2105:aa78:5d79:df94:5095:14ea,TLSv1.2,456,Application Data
451,344.743833,2a02:6680:2105:aa78:5d79:df94:5095:14ea,2a03:2880:f242:1c2:face:b00c:0:167,TLSv1.2,167,Application Data
452,344.880986,2a03:2880:f242:1c2:face:b00c:0:167,2a02:6680:2105:aa78:5d79:df94:5095:14ea,TLSv1.2,168,Application Data
453,344.891315,2a02:6680:2105:aa78:5d79:df94:5095:14ea,2a03:2880:f242:1c2:face:b00c:0:167,TLSv1.2,167,Application Data
454,345.286861,2a03:2880:f242:1c2:face:b00c:0:167,2a02:6680:2105:aa78:5d79:df94:5095:14ea,TLSv1.2,136,Application Data
455,345.59861,2a03:2880:f242:1c2:face:b00c:0:167,2a02:6680:2105:aa78:5d79:df94:5095:14ea,TLSv1.2,171,Application Data
456,345.601797,2a02:6680:2105:aa78:5d79:df94:5095:14ea,2a03:2880:f242:1c2:face:b00c:0:167,TLSv1.2,170,Application Data
457,347.586622,2a02:6680:2105:aa78:5d79:df94:5095:14ea,2a03:2880:f242:1c2:face:b00c:0:167,TLSv1.2,322,Application Data
458,347.920584,2a03:2880:f242:1c2:face:b00c:0:167,2a02:6680:2105:aa78:5d79:df94:5095:14ea,TLSv1.2,185,Application Data
459,348.598999,2a03:2880:f242:1c2:face:b00c:0:167,2a02:6680:2105:aa78:5d79:df94:5095:14ea,TLSv1.2,168,Application Data
460,348.602517,2a02:6680:2105:aa78:5d79:df94:5095:14ea,2a03:2880:f242:1c2:face:b00c:0:167,TLSv1.2,167,Application Data
461,348.932358,2a03:2880:f242:1c2:face:b00c:0:167,2a02:6680:2105:aa78:5d79:df94:5095:14ea,TLSv1.2,342,Application Data
462,348.995444,2a02:6680:2105:aa78:5d79:df94:5095:14ea,2a03:2880:f242:1c2:face:b00c:0:167,TLSv1.2,173,Application Data
463,349.805467,2a03:2880:f242:1c2:face:b00c:0:167,2a02:6680:2105:aa78:5d79:df94:5095:14ea,TLSv1.2,171,Application Data
464,349.807388,2a02:6680:2105:aa78:5d79:df94:5095:14ea,2a03:2880:f242:1c2:face:b00c:0:167,TLSv1.2,170,Application Data
465,351.479271,2a03:2880:f242:1c2:face:b00c:0:167,2a02:6680:2105:aa78:5d79:df94:5095:14ea,TLSv1.2,350,Application Data
466,351.512496,2a02:6680:2105:aa78:5d79:df94:5095:14ea,2a03:2880:f242:1c2:face:b00c:0:167,TLSv1.2,146,Application Data
467,352.168852,2a03:2880:f242:1c2:face:b00c:0:167,2a02:6680:2105:aa78:5d79:df94:5095:14ea,TLSv1.2,154,Application Data
468,355.118995,2a03:2880:f242:1c2:face:b00c:0:167,2a02:6680:2105:aa78:5d79:df94:5095:14ea,TLSv1.2,326,Application Data
469,355.191821,2a02:6680:2105:aa78:5d79:df94:5095:14ea,2a03:2880:f242:1c2:face:b00c:0:167,TLSv1.2,173,Application Data
470,355.358973,2a03:2880:f242:1c2:face:b00c:0:167,2a02:6680:2105:aa78:5d79:df94:5095:14ea,TLSv1.2,154,Application Data
471,355.440484,2a03:2880:f242:1c2:face:b00c:0:167,2a02:6680:2105:aa78:5d79:df94:5095:14ea,TLSv1.2,154,Application Data
472,355.759196,2a03:2880:f242:1c2:face:b00c:0:167,2a02:6680:2105:aa78:5d79:df94:5095:14ea,TLSv1.2,154,Application Data
473,355.957843,2a03:2880:f242:1c2:face:b00c:0:167,2a02:6680:2105:aa78:5d79:df94:5095:14ea,TLSv1.2,154,Application Data
474,356.037267,2a02:6680:2105:aa78:5d79:df94:5095:14ea,2a03:2880:f242:1c2:face:b00c:0:167,TLSv1.2,144,Application Data
475,356.455052,2a02:6680:2105:aa78:5d79:df94:5095:14ea,2a03:2880:f242:1c2:face:b00c:0:167,TLSv1.2,144,Application Data
476,356.57873,2a02:6680:2105:aa78:5d79:df94:5095:14ea,2a03:2880:f242:1c2:face:b00c:0:167,TLSv1.2,144,Application Data
477,359.960403,2a03:2880:f242:1c2:face:b00c:0:167,2a02:6680:2105:aa78:5d79:df94:5095:14ea,TLSv1.2,154,Application Data
478,361.045349,2a03:2880:f242:1c2:face:b00c:0:167,2a02:6680:2105:aa78:5d79:df94:5095:14ea,TLSv1.2,144,Application Data
479,362.239662,2a03:2880:f242:1c2:face:b00c:0:167,2a02:6680:2105:aa78:5d79:df94:5095:14ea,TLSv1.2,321,Application Data
480,362.290822,2a02:6680:2105:aa78:5d79:df94:5095:14ea,2a03:2880:f242:1c2:face:b00c:0:167,TLSv1.2,173,Application Data
481,365.237769,2a03:2880:f242:1c2:face:b00c:0:167,2a02:6680:2105:aa78:5d79:df94:5095:14ea,TLSv1.2,154,Application Data
482,365.517636,2a03:2880:f242:1c2:face:b00c:0:167,2a02:6680:2105:aa78:5d79:df94:5095:14ea,TLSv1.2,154,Application Data
483,365.957473,2a02:6680:2105:aa78:5d79:df94:5095:14ea,2a03:2880:f242:1c2:face:b00c:0:167,TLSv1.2,144,Application Data
484,368.735123,2a02:6680:2105:aa78:5d79:df94:5095:14ea,2a03:2880:f242:1c2:face:b00c:0:167,TLSv1.2,144,Application Data
485,369.373758,2a02:6680:2105:aa78:5d79:df94:5095:14ea,2a03:2880:f242:1c2:face:b00c:0:167,TLSv1.2,144,Application Data
486,369.59836,2a03:2880:f242:1c2:face:b00c:0:167,2a02:6680:2105:aa78:5d79:df94:5095:14ea,TLSv1.2,146,Application Data
487,369.637937,2a03:2880:f242:1c2:face:b00c:0:167,2a02:6680:2105:aa78:5d79:df94:5095:14ea,TLSv1.2,154,Application Data
488,370.918508,2a03:2880:f242:1c2:face:b00c:0:167,2a02:6680:2105:aa78:5d79:df94:5095:14ea,TLSv1.2,154,Application Data
489,371.437525,2a03:2880:f242:1c2:face:b00c:0:167,2a02:6680:2105:aa78:5d79:df94:5095:14ea,TLSv1.2,154,Application Data
490,371.757285,2a03:2880:f242:1c2:face:b00c:0:167,2a02:6680:2105:aa78:5d79:df94:5095:14ea,TLSv1.2,154,Application Data
491,373.957943,2a03:2880:f242:1c2:face:b00c:0:167,2a02:6680:2105:aa78:5d79:df94:5095:14ea,TLSv1.2,154,Application Data
492,375.558923,2a03:2880:f242:1c2:face:b00c:0:167,2a02:6680:2105:aa78:5d79:df94:5095:14ea,TLSv1.2,1037,Application Data
493,375.647413,2a02:6680:2105:aa78:5d79:df94:5095:14ea,2a03:2880:f242:1c2:face:b00c:0:167,TLSv1.2,173,Application Data
494,376.67876,2a03:2880:f242:1c2:face:b00c:0:167,2a02:6680:2105:aa78:5d79:df94:5095:14ea,TLSv1.2,154,Application Data
495,378.74214,2a02:6680:2105:aa78:5d79:df94:5095:14ea,2a03:2880:f242:1c2:face:b00c:0:167,TLSv1.2,144,Application Data
496,378.958699,2a03:2880:f242:1c2:face:b00c:0:167,2a02:6680:2105:aa78:5d79:df94:5095:14ea,TLSv1.2,154,Application Data
497,379.198642,2a03:2880:f242:1c2:face:b00c:0:167,2a02:6680:2105:aa78:5d79:df94:5095:14ea,TLSv1.2,154,Application Data
498,379.87106,2a02:6680:2105:aa78:5d79:df94:5095:14ea,2a03:2880:f242:1c2:face:b00c:0:167,TLSv1.2,419,Application Data
499,380.200675,2a03:2880:f242:1c2:face:b00c:0:167,2a02:6680:2105:aa78:5d79:df94:5095:14ea,TLSv1.2,185,Application Data
500,380.798883,2a03:2880:f242:1c2:face:b00c:0:167,2a02:6680:2105:aa78:5d79:df94:5095:14ea,TLSv1.2,168,Application Data
501,380.825171,2a02:6680:2105:aa78:5d79:df94:5095:14ea,2a03:2880:f242:1c2:face:b00c:0:167,TLSv1.2,167,Application Data
502,381.565278,2a03:2880:f242:1c2:face:b00c:0:167,2a02:6680:2105:aa78:5d79:df94:5095:14ea,TLSv1.2,154,Application Data
503,383.237808,2a03:2880:f242:1c2:face:b00c:0:167,2a02:6680:2105:aa78:5d79:df94:5095:14ea,TLSv1.2,262,Application Data
504,383.275668,2a02:6680:2105:aa78:5d79:df94:5095:14ea,2a03:2880:f242:1c2:face:b00c:0:167,TLSv1.2,145,Application Data
505,384.077385,2a03:2880:f242:1c2:face:b00c:0:167,2a02:6680:2105:aa78:5d79:df94:5095:14ea,TLSv1.2,262,Application Data
506,384.106708,2a02:6680:2105:aa78:5d79:df94:5095:14ea,2a03:2880:f242:1c2:face:b00c:0:167,TLSv1.2,146,Application Data
507,392.077337,2a03:2880:f242:1c2:face:b00c:0:167,2a02:6680:2105:aa78:5d79:df94:5095:14ea,TLSv1.2,154,Application Data
508,402.277669,2a03:2880:f242:1c2:face:b00c:0:167,2a02:6680:2105:aa78:5d79:df94:5095:14ea,TLSv1.2,154,Application Data
509,402.604951,2a02:6680:2105:aa78:5d79:df94:5095:14ea,2a03:2880:f242:1c2:face:b00c:0:167,TLSv1.2,144,Application Data
510,402.837463,2a03:2880:f242:1c2:face:b00c:0:167,2a02:6680:2105:aa78:5d79:df94:5095:14ea,TLSv1.2,146,Application Data
511,403.32501,2a03:2880:f242:1c2:face:b00c:0:167,2a02:6680:2105:aa78:5d79:df94:5095:14ea,TLSv1.2,171,Application Data
512,403.328248,2a02:6680:2105:aa78:5d79:df94:5095:14ea,2a03:2880:f242:1c2:face:b00c:0:167,TLSv1.2,170,Application Data
513,405.733446,2a03:2880:f242:1c2:face:b00c:0:167,2a02:6680:2105:aa78:5d79:df94:5095:14ea,TLSv1.2,223,Application Data
514,405.733446,2a03:2880:f242:1c2:face:b00c:0:167,2a02:6680:2105:aa78:5d79:df94:5095:14ea,TLSv1.2,136,Application Data
515,405.737047,2a02:6680:2105:aa78:5d79:df94:5095:14ea,2a03:2880:f242:1c2:face:b00c:0:167,TLSv1.2,159,Application Data
516,412.605581,2a03:2880:f242:1c2:face:b00c:0:167,2a02:6680:2105:aa78:5d79:df94:5095:14ea,TLSv1.2,433,Application Data
517,412.713886,2a02:6680:2105:aa78:5d79:df94:5095:14ea,2a03:2880:f242:1c2:face:b00c:0:167,TLSv1.2,163,Application Data
518,412.717504,2a03:2880:f242:1c2:face:b00c:0:167,2a02:6680:2105:aa78:5d79:df94:5095:14ea,TLSv1.2,153,Application Data
519,412.717504,2a03:2880:f242:1c2:face:b00c:0:167,2a02:6680:2105:aa78:5d79:df94:5095:14ea,TLSv1.2,154,Application Data
520,412.720469,2a02:6680:2105:aa78:5d79:df94:5095:14ea,2a03:2880:f242:1c2:face:b00c:0:167,TLSv1.2,151,Application Data
521,412.997515,2a03:2880:f242:1c2:face:b00c:0:167,2a02:6680:2105:aa78:5d79:df94:5095:14ea,TLSv1.2,134,Application Data
522,414.71778,2a03:2880:f242:1c2:face:b00c:0:167,2a02:6680:2105:aa78:5d79:df94:5095:14ea,TLSv1.2,352,Application Data
523,414.77498,2a02:6680:2105:aa78:5d79:df94:5095:14ea,2a03:2880:f242:1c2:face:b00c:0:167,TLSv1.2,163,Application Data
524,415.078843,2a03:2880:f242:1c2:face:b00c:0:167,2a02:6680:2105:aa78:5d79:df94:5095:14ea,TLSv1.2,153,Application Data
525,415.083101,2a02:6680:2105:aa78:5d79:df94:5095:14ea,2a03:2880:f242:1c2:face:b00c:0:167,TLSv1.2,151,Application Data
526,415.117554,2a03:2880:f242:1c2:face:b00c:0:167,2a02:6680:2105:aa78:5d79:df94:5095:14ea,TLSv1.2,154,Application Data
527,418.677643,2a03:2880:f242:1c2:face:b00c:0:167,2a02:6680:2105:aa78:5d79:df94:5095:14ea,TLSv1.2,136,Application Data
528,419.121422,2a03:2880:f242:1c2:face:b00c:0:167,2a02:6680:2105:aa78:5d79:df94:5095:14ea,TLSv1.2,154,Application Data
529,419.760801,2a02:6680:2105:aa78:5d79:df94:5095:14ea,2a03:2880:f242:1c2:face:b00c:0:167,TLSv1.2,144,Application Data
530,419.997182,2a03:2880:f242:1c2:face:b00c:0:167,2a02:6680:2105:aa78:5d79:df94:5095:14ea,TLSv1.2,146,Application Data
531,421.517565,2a03:2880:f242:1c2:face:b00c:0:167,2a02:6680:2105:aa78:5d79:df94:5095:14ea,TLSv1.2,162,Application Data
532,421.525479,2a02:6680:2105:aa78:5d79:df94:5095:14ea,2a03:2880:f242:1c2:face:b00c:0:167,TLSv1.2,146,Application Data
533,421.685948,2a03:2880:f242:1c2:face:b00c:0:167,2a02:6680:2105:aa78:5d79:df94:5095:14ea,TLSv1.2,154,Application Data
534,424.777604,2a02:6680:2105:aa78:5d79:df94:5095:14ea,2a03:2880:f242:1c2:face:b00c:0:167,TLSv1.2,290,"[TCP Previous segment not captured] , Ignored Unknown Record"
535,424.959839,2a03:2880:f242:1c2:face:b00c:0:167,2a02:6680:2105:aa78:5d79:df94:5095:14ea,TLSv1.2,154,"[TCP ACKed unseen segment] , Application Data"
536,425.037091,2a03:2880:f242:1c2:face:b00c:0:167,2a02:6680:2105:aa78:5d79:df94:5095:14ea,TLSv1.2,138,Application Data
537,425.43742,2a03:2880:f242:1c2:face:b00c:0:167,2a02:6680:2105:aa78:5d79:df94:5095:14ea,TLSv1.2,154,Application Data
538,429.757327,2a03:2880:f242:1c2:face:b00c:0:167,2a02:6680:2105:aa78:5d79:df94:5095:14ea,TLSv1.2,417,Application Data
539,429.834712,2a02:6680:2105:aa78:5d79:df94:5095:14ea,2a03:2880:f242:1c2:face:b00c:0:167,TLSv1.2,163,Application Data
540,430.212163,2a03:2880:f242:1c2:face:b00c:0:167,2a02:6680:2105:aa78:5d79:df94:5095:14ea,TLSv1.2,153,Application Data
541,430.216649,2a02:6680:2105:aa78:5d79:df94:5095:14ea,2a03:2880:f242:1c2:face:b00c:0:167,TLSv1.2,151,Application Data
542,433.117488,2a03:2880:f242:1c2:face:b00c:0:167,2a02:6680:2105:aa78:5d79:df94:5095:14ea,TLSv1.2,369,Application Data
543,433.174534,2a02:6680:2105:aa78:5d79:df94:5095:14ea,2a03:2880:f242:1c2:face:b00c:0:167,TLSv1.2,163,Application Data
544,434.200729,2a03:2880:f242:1c2:face:b00c:0:167,2a02:6680:2105:aa78:5d79:df94:5095:14ea,TLSv1.2,153,Application Data
545,434.205075,2a02:6680:2105:aa78:5d79:df94:5095:14ea,2a03:2880:f242:1c2:face:b00c:0:167,TLSv1.2,151,Application Data
546,434.8378,2a03:2880:f242:1c2:face:b00c:0:167,2a02:6680:2105:aa78:5d79:df94:5095:14ea,TLSv1.2,154,Application Data
547,435.277401,2a03:2880:f242:1c2:face:b00c:0:167,2a02:6680:2105:aa78:5d79:df94:5095:14ea,TLSv1.2,261,Application Data
548,435.299976,2a02:6680:2105:aa78:5d79:df94:5095:14ea,2a03:2880:f242:1c2:face:b00c:0:167,TLSv1.2,145,Application Data
549,435.398513,2a03:2880:f242:1c2:face:b00c:0:167,2a02:6680:2105:aa78:5d79:df94:5095:14ea,TLSv1.2,154,Application Data
550,437.357987,2a03:2880:f242:1c2:face:b00c:0:167,2a02:6680:2105:aa78:5d79:df94:5095:14ea,TLSv1.2,725,Application Data
551,437.437039,2a02:6680:2105:aa78:5d79:df94:5095:14ea,2a03:2880:f242:1c2:face:b00c:0:167,TLSv1.2,173,Application Data
552,440.847036,2a02:6680:2105:aa78:5d79:df94:5095:14ea,2a03:2880:f242:1c2:face:b00c:0:167,TLSv1.2,144,Application Data
553,441.038602,2a03:2880:f242:1c2:face:b00c:0:167,2a02:6680:2105:aa78:5d79:df94:5095:14ea,TLSv1.2,146,Application Data
554,445.01031,2a03:2880:f242:1c2:face:b00c:0:167,2a02:6680:2105:aa78:5d79:df94:5095:14ea,TLSv1.2,154,Application Data
555,447.517557,2a03:2880:f242:1c2:face:b00c:0:167,2a02:6680:2105:aa78:5d79:df94:5095:14ea,TLSv1.2,154,Application Data
556,448.279768,2a03:2880:f242:1c2:face:b00c:0:167,2a02:6680:2105:aa78:5d79:df94:5095:14ea,TLSv1.2,189,Application Data
557,448.299582,2a02:6680:2105:aa78:5d79:df94:5095:14ea,2a03:2880:f242:1c2:face:b00c:0:167,TLSv1.2,177,Application Data
558,450.321796,2a02:6680:2105:aa78:5d79:df94:5095:14ea,2a03:2880:f242:1c2:face:b00c:0:167,TLSv1.2,138,Application Data
559,450.911893,2a02:6680:2105:aa78:5d79:df94:5095:14ea,2a03:2880:f242:1c2:face:b00c:0:167,TLSv1.2,138,Application Data
560,450.914557,2a02:6680:2105:aa78:5d79:df94:5095:14ea,2a03:2880:f242:1c2:face:b00c:0:167,TLSv1.2,183,Application Data
561,451.07708,2a03:2880:f242:1c2:face:b00c:0:167,2a02:6680:2105:aa78:5d79:df94:5095:14ea,TLSv1.2,132,Application Data
562,451.07708,2a03:2880:f242:1c2:face:b00c:0:167,2a02:6680:2105:aa78:5d79:df94:5095:14ea,TLSv1.2,134,Application Data
563,451.07708,2a03:2880:f242:1c2:face:b00c:0:167,2a02:6680:2105:aa78:5d79:df94:5095:14ea,TLSv1.2,134,Application Data
564,451.07708,2a03:2880:f242:1c2:face:b00c:0:167,2a02:6680:2105:aa78:5d79:df94:5095:14ea,TLSv1.2,134,Application Data
565,451.701222,2a02:6680:2105:aa78:5d79:df94:5095:14ea,2a03:2880:f242:1c2:face:b00c:0:167,TLSv1.2,144,Application Data
566,452.638648,2a03:2880:f242:1c2:face:b00c:0:167,2a02:6680:2105:aa78:5d79:df94:5095:14ea,TLSv1.2,154,Application Data
567,453.837913,2a02:6680:2105:aa78:5d79:df94:5095:14ea,2a03:2880:f242:1c2:face:b00c:0:167,TLSv1.2,274,Application Data
568,453.878446,2a03:2880:f242:1c2:face:b00c:0:167,2a02:6680:2105:aa78:5d79:df94:5095:14ea,TLSv1.2,154,Application Data
569,454.125263,2a03:2880:f242:1c2:face:b00c:0:167,2a02:6680:2105:aa78:5d79:df94:5095:14ea,TLSv1.2,185,Application Data
570,454.371017,2a02:6680:2105:aa78:5d79:df94:5095:14ea,2a03:2880:f242:1c2:face:b00c:0:167,TLSv1.2,144,Application Data
571,454.437121,2a03:2880:f242:1c2:face:b00c:0:167,2a02:6680:2105:aa78:5d79:df94:5095:14ea,TLSv1.2,171,Application Data
572,454.438748,2a02:6680:2105:aa78:5d79:df94:5095:14ea,2a03:2880:f242:1c2:face:b00c:0:167,TLSv1.2,170,Application Data
573,454.717298,2a03:2880:f242:1c2:face:b00c:0:167,2a02:6680:2105:aa78:5d79:df94:5095:14ea,TLSv1.2,168,Application Data
574,454.720585,2a02:6680:2105:aa78:5d79:df94:5095:14ea,2a03:2880:f242:1c2:face:b00c:0:167,TLSv1.2,167,Application Data
575,456.037615,2a03:2880:f242:1c2:face:b00c:0:167,2a02:6680:2105:aa78:5d79:df94:5095:14ea,TLSv1.2,154,Application Data
576,456.517319,2a03:2880:f242:1c2:face:b00c:0:167,2a02:6680:2105:aa78:5d79:df94:5095:14ea,TLSv1.2,154,Application Data
577,459.940482,2a02:6680:2105:aa78:5d79:df94:5095:14ea,2a03:2880:f242:1c2:face:b00c:0:167,TLSv1.2,144,Application Data
578,460.303977,2a02:6680:2105:aa78:5d79:df94:5095:14ea,2a03:2880:f242:1c2:face:b00c:0:167,TLSv1.2,144,Application Data
579,461.680924,2a03:2880:f242:1c2:face:b00c:0:167,2a02:6680:2105:aa78:5d79:df94:5095:14ea,TLSv1.2,154,Application Data
580,464.997222,2a02:6680:2105:aa78:5d79:df94:5095:14ea,2a03:2880:f242:1c2:face:b00c:0:167,TLSv1.2,306,Application Data
581,465.285995,2a03:2880:f242:1c2:face:b00c:0:167,2a02:6680:2105:aa78:5d79:df94:5095:14ea,TLSv1.2,185,Application Data
582,465.556906,2a03:2880:f242:1c2:face:b00c:0:167,2a02:6680:2105:aa78:5d79:df94:5095:14ea,TLSv1.2,171,Application Data
583,465.559621,2a02:6680:2105:aa78:5d79:df94:5095:14ea,2a03:2880:f242:1c2:face:b00c:0:167,TLSv1.2,170,Application Data
584,465.958082,2a03:2880:f242:1c2:face:b00c:0:167,2a02:6680:2105:aa78:5d79:df94:5095:14ea,TLSv1.2,168,Application Data
585,465.960425,2a02:6680:2105:aa78:5d79:df94:5095:14ea,2a03:2880:f242:1c2:face:b00c:0:167,TLSv1.2,167,Application Data
586,466.169683,2a03:2880:f242:1c2:face:b00c:0:167,2a02:6680:2105:aa78:5d79:df94:5095:14ea,TLSv1.2,154,Application Data
587,466.757085,2a03:2880:f242:1c2:face:b00c:0:167,2a02:6680:2105:aa78:5d79:df94:5095:14ea,TLSv1.2,154,Application Data
588,469.4773,2a03:2880:f242:1c2:face:b00c:0:167,2a02:6680:2105:aa78:5d79:df94:5095:14ea,TLSv1.2,137,Application Data
589,474.839081,2a03:2880:f242:1c2:face:b00c:0:167,2a02:6680:2105:aa78:5d79:df94:5095:14ea,TLSv1.2,154,Application Data
590,475.445945,2a03:2880:f242:1c2:face:b00c:0:167,2a02:6680:2105:aa78:5d79:df94:5095:14ea,TLSv1.2,405,Application Data
591,475.53042,2a02:6680:2105:aa78:5d79:df94:5095:14ea,2a03:2880:f242:1c2:face:b00c:0:167,TLSv1.2,173,Application Data
592,478.878148,2a03:2880:f242:1c2:face:b00c:0:167,2a02:6680:2105:aa78:5d79:df94:5095:14ea,TLSv1.2,154,Application Data
593,480.168717,2a03:2880:f242:1c2:face:b00c:0:167,2a02:6680:2105:aa78:5d79:df94:5095:14ea,TLSv1.2,137,Application Data
594,480.837501,2a03:2880:f242:1c2:face:b00c:0:167,2a02:6680:2105:aa78:5d79:df94:5095:14ea,TLSv1.2,434,Application Data
595,480.925312,2a02:6680:2105:aa78:5d79:df94:5095:14ea,2a03:2880:f242:1c2:face:b00c:0:167,TLSv1.2,155,Application Data
596,490.624025,2a03:2880:f242:1c2:face:b00c:0:167,2a02:6680:2105:aa78:5d79:df94:5095:14ea,TLSv1.2,154,Application Data
597,492.34442,2a02:6680:2105:aa78:5d79:df94:5095:14ea,2a03:2880:f242:1c2:face:b00c:0:167,TLSv1.2,144,Application Data
598,493.28329,2a03:2880:f242:1c2:face:b00c:0:167,2a02:6680:2105:aa78:5d79:df94:5095:14ea,TLSv1.2,146,Application Data
599,493.597114,2a03:2880:f242:1c2:face:b00c:0:167,2a02:6680:2105:aa78:5d79:df94:5095:14ea,TLSv1.2,154,Application Data
600,501.28647,2a03:2880:f242:1c2:face:b00c:0:167,2a02:6680:2105:aa78:5d79:df94:5095:14ea,TLSv1.2,154,Application Data
601,503.135992,2a03:2880:f242:1c2:face:b00c:0:167,2a02:6680:2105:aa78:5d79:df94:5095:14ea,TLSv1.2,154,Application Data
602,507.092976,2a03:2880:f242:1c2:face:b00c:0:167,2a02:6680:2105:aa78:5d79:df94:5095:14ea,TLSv1.2,178,Application Data
603,507.095706,2a02:6680:2105:aa78:5d79:df94:5095:14ea,2a03:2880:f242:1c2:face:b00c:0:167,TLSv1.2,153,Application Data
604,509.207241,2a03:2880:f242:1c2:face:b00c:0:167,2a02:6680:2105:aa78:5d79:df94:5095:14ea,TLSv1.2,154,Application Data
605,510.3173,2a03:2880:f242:1c2:face:b00c:0:167,2a02:6680:2105:aa78:5d79:df94:5095:14ea,TLSv1.2,154,Application Data
606,510.570441,2a03:2880:f242:1c2:face:b00c:0:167,2a02:6680:2105:aa78:5d79:df94:5095:14ea,TLSv1.2,134,Application Data
607,513.803126,2a03:2880:f242:1c2:face:b00c:0:167,2a02:6680:2105:aa78:5d79:df94:5095:14ea,TLSv1.2,154,Application Data
608,514.479308,2a03:2880:f242:1c2:face:b00c:0:167,2a02:6680:2105:aa78:5d79:df94:5095:14ea,TLSv1.2,154,Application Data
609,516.218927,2a03:2880:f242:1c2:face:b00c:0:167,2a02:6680:2105:aa78:5d79:df94:5095:14ea,TLSv1.2,136,Application Data
610,516.532368,2a02:6680:2105:aa78:5d79:df94:5095:14ea,2a03:2880:f242:1c2:face:b00c:0:167,TLSv1.2,144,Application Data
611,516.569448,2a03:2880:f242:1c2:face:b00c:0:167,2a02:6680:2105:aa78:5d79:df94:5095:14ea,TLSv1.2,136,Application Data
612,517.209488,2a03:2880:f242:1c2:face:b00c:0:167,2a02:6680:2105:aa78:5d79:df94:5095:14ea,TLSv1.2,146,Application Data
,,,,,AVERAGE(F1:F614),
